-- **USUARIO:**

INSERT INTO USUARIO (idUsuario,ci, celular, pais, ciudad, avenidaCalle, numeroCasa, nombre, apePaterno, apeMaterno, fechaRegistro)
VALUES (1000,8745123, '7893452','Bolivia','La Paz','principal','68', 'Juan', 'González', 'López', '2023-12-15');
INSERT INTO USUARIO (idUsuario,ci, celular, pais, ciudad, avenidaCalle, numeroCasa, nombre, apePaterno, apeMaterno, fechaRegistro)
VALUES (1002,3098467, '77223452','Bolivia','La Paz','quintanilla zuazo','98', 'Carlos', 'Rodríguez', 'Pérez',  '2023-12-17');
INSERT INTO USUARIO (idUsuario,ci, celular, pais, ciudad, avenidaCalle, numeroCasa, nombre, apePaterno, apeMaterno, fechaRegistro)
VALUES (1003,6251890, '65000452','Bolivia','La Paz','ingavi','159', 'Ana', 'Fernández', 'Ruiz', '2023-12-18');
INSERT INTO USUARIO (idUsuario,ci, celular, pais, ciudad, avenidaCalle, numeroCasa, nombre, apePaterno, apeMaterno, fechaRegistro)
VALUES (1004,7419025, '68850052','Bolivia','La Paz','av. periferica','27', 'Luis', 'Díaz', 'Sánchez', '2023-12-19');
INSERT INTO USUARIO (idUsuario,ci, celular, pais, ciudad, avenidaCalle, numeroCasa, nombre, apePaterno, apeMaterno, fechaRegistro)
VALUES (1005,5032168, '65200122','Bolivia','La Paz','bueno','148', 'Laura', 'López', 'Hernández','2023-12-20');
INSERT INTO USUARIO (idUsuario,ci, celular, pais, ciudad, avenidaCalle, numeroCasa, nombre, apePaterno, apeMaterno, fechaRegistro)
VALUES (1006,9287451, '60888452','Bolivia','La Paz','loayza','888', 'Pedro', 'García', 'Martínez', '2023-12-21');
INSERT INTO USUARIO (idUsuario,ci, celular, pais, ciudad, avenidaCalle, numeroCasa, nombre, apePaterno, apeMaterno, fechaRegistro)
VALUES (1007,1369852, '6800252','Bolivia','La Paz','camacho','35', 'Sofía', 'Pérez', 'Gómez', '2023-12-22');
INSERT INTO USUARIO (idUsuario,ci, celular, pais, ciudad, avenidaCalle, numeroCasa, nombre, apePaterno, apeMaterno, fechaRegistro)
VALUES (1008,4782036, '75113452','Bolivia','La Paz','entre rios','66', 'Diego', 'Hernández', 'Jiménez', '2023-12-23' );
INSERT INTO USUARIO (idUsuario,ci, celular, pais, ciudad, avenidaCalle, numeroCasa, nombre, apePaterno, apeMaterno, fechaRegistro)
VALUES (1009,2158903, '77723452','Bolivia','La Paz','mercado','147', 'Lucía', 'Flores', 'Torres', '2023-12-24');
INSERT INTO USUARIO (idUsuario,ci, celular, pais, ciudad, avenidaCalle, numeroCasa, nombre, apePaterno, apeMaterno, fechaRegistro)
VALUES (1010,6947028, '65200012','Bolivia','La Paz','mercado','248', 'Gabriel', 'Ramírez', 'Reyes', '2023-12-25');
INSERT INTO USUARIO (idUsuario,ci, celular, pais, ciudad, avenidaCalle, numeroCasa, nombre, apePaterno, apeMaterno, fechaRegistro)
VALUES (1011,8573104, '701222452','Bolivia','La Paz','camacho','193', 'Valentina', 'Sánchez', 'Alvarez', '2023-12-26');
INSERT INTO USUARIO (idUsuario,ci, celular, pais, ciudad, avenidaCalle, numeroCasa, nombre, apePaterno, apeMaterno, fechaRegistro)
VALUES (1012,3624891,'6333452','Bolivia','La Paz','periferica','198', 'Martín', 'Gómez', 'Vargas', '2023-12-27');
INSERT INTO USUARIO (idUsuario,ci, celular, pais, ciudad, avenidaCalle, numeroCasa, nombre, apePaterno, apeMaterno, fechaRegistro)
VALUES (1013,5091782, '78598630','Bolivia','La Paz','potosi','32','Renata', 'Jiménez', 'López','2023-12-28');
INSERT INTO USUARIO (idUsuario,ci, celular, pais, ciudad, avenidaCalle, numeroCasa, nombre, apePaterno, apeMaterno, fechaRegistro)
VALUES (1014,1245703, '60865652','Bolivia','La Paz','av. armentia','65', 'Alejandro', 'Torres', 'Hernández', '2023-12-29');
INSERT INTO USUARIO (idUsuario,ci, celular, pais, ciudad, avenidaCalle, numeroCasa, nombre, apePaterno, apeMaterno, fechaRegistro)
values (1015,6850143,'65223452','Bolivia','La Paz','entre rios','5','Amanda','Guzman','Tier','2021-12-10');
INSERT INTO USUARIO (idUsuario,ci, celular, pais, ciudad, avenidaCalle, numeroCasa, nombre, apePaterno, apeMaterno, fechaRegistro)
values (1016,2978364,'65223452','Bolivia','La Paz','tumusla','6', 'David','Villa','Roel','2020-10-10');
INSERT INTO USUARIO (idUsuario,ci, celular, pais, ciudad, avenidaCalle, numeroCasa, nombre, apePaterno, apeMaterno, fechaRegistro)
values (1017,4501238, '78223452','Bolivia','La Paz','murillo','11','Juan','Perez','Gallardo','2021-12-10');
INSERT INTO USUARIO (idUsuario,ci, celular, pais, ciudad, avenidaCalle, numeroCasa, nombre, apePaterno, apeMaterno, fechaRegistro)
values (1018,8162490,'68523452','Bolivia','La Paz','camacho','24','Jorge','Singa','Silva','2021-12-10');
INSERT INTO USUARIO (idUsuario,ci, celular, pais, ciudad, avenidaCalle, numeroCasa, nombre, apePaterno, apeMaterno, fechaRegistro)
values (1019,5738901, '7553452','Bolivia','La Paz','av. republica','35','Pedro','Valdez','Titto','2021-12-10');
INSERT INTO USUARIO (idUsuario,ci, celular, pais, ciudad, avenidaCalle, numeroCasa, nombre, apePaterno, apeMaterno, fechaRegistro)
values (1020,9246078,'65523452','Bolivia','La Paz','av. pucarani','65','Armando','Diaz','Galdo','2021-12-10');
INSERT INTO USUARIO (idUsuario,ci, celular, pais, ciudad, avenidaCalle, numeroCasa, nombre, apePaterno, apeMaterno, fechaRegistro)
values (1021,1385620, '65963452','Bolivia','La Paz','continental','32','Rocio','Calderon','Velas','2021-12-10');
INSERT INTO USUARIO (idUsuario,ci, celular, pais, ciudad, avenidaCalle, numeroCasa, nombre, apePaterno, apeMaterno, fechaRegistro)
values (1022,7903146, '6853452','Bolivia','La Paz','av. periferica','15','Jose','Pacheco','Aldo','2021-12-10');
INSERT INTO USUARIO (idUsuario,ci, celular, pais, ciudad, avenidaCalle, numeroCasa, nombre, apePaterno, apeMaterno, fechaRegistro)
values (1023,3628059, '71523452','Bolivia','La Paz','gointia','89','Beatriz','Pinzon','Solanoz','2021-12-10');
INSERT INTO USUARIO (idUsuario,ci, celular, pais, ciudad, avenidaCalle, numeroCasa, nombre, apePaterno, apeMaterno, fechaRegistro)
values (1024,5149728, '63003452','Bolivia','La Paz','alfonzo ugarte','22','Carolina','Pimentel','Vargas','2021-12-10');

INSERT INTO USUARIO (idUsuario, ci, celular, pais, ciudad, avenidaCalle, numeroCasa, nombre, apePaterno, apeMaterno, fechaRegistro)
VALUES 
  (1025, 5149729, '65333458', 'Bolivia', 'La Paz', 'almirante grau', '15', 'Pedro', 'Gomez', 'Ramirez', '2021-12-11'),
  (1026, 5149730, '70003458', 'Bolivia', 'La Paz', 'socabaya', '28', 'Laura', 'Torres', 'Hernandez', '2021-12-12'),
  (1027, 5149731, '78003457', 'Bolivia', 'La Paz', 'arenal', '39', 'Carlos', 'Soto', 'Cordova', '2021-12-13'),
  (1028, 5149732, '60034362', 'Bolivia', 'La Paz', 'aguada blanca', '44', 'Monica', 'Rodriguez', 'Flores', '2021-12-14'),
  (1029, 5149733, '72010342', 'Bolivia', 'La Paz', 'yanahuara', '56', 'Juan', 'Gutierrez', 'Fernandez', '2021-12-15'),
  (1030, 5149734, '63003459', 'Bolivia', 'La Paz', 'jesus maria', '67', 'Maria', 'Lopez', 'Mendoza', '2021-12-16'),
  (1031, 5149735, '73003454', 'Bolivia', 'La Paz', 'paucarpata', '78', 'Jose', 'Perez', 'Garcia', '2021-12-17'),
  (1032, 5149736, '63003452', 'Bolivia', 'La Paz', 'yanahuara', '89', 'Lucia', 'Garcia', 'Herrera', '2021-12-18'),
  (1033, 5149737, '63003454', 'Bolivia', 'La Paz', 'miraflores', '95', 'Miguel', 'Mamani', 'Gomez', '2021-12-19'),
  (1034, 5149738, '63403456', 'Bolivia', 'La Paz', 'characato', '101', 'Carmen', 'Chavez', 'Luna', '2021-12-20'),
  (1035, 5149739, '73064457', 'Bolivia', 'La Paz', 'mollendo', '112', 'Fernando', 'Torres', 'Vargas', '2021-12-21'),
  (1036, 5149740, '63343458', 'Bolivia', 'La Paz', 'cerro colorado', '124', 'Ana', 'Cruz', 'Sanchez', '2021-12-22'),
  (1037, 5149741, '63406459', 'Bolivia', 'La Paz', 'socabaya', '135', 'Diego', 'Zapana', 'Gutierrez', '2021-12-23'),
  (1038, 5149742, '63004750', 'Bolivia', 'La Paz', 'yanahuara', '146', 'Rosa', 'Cordova', 'Gonzalez', '2021-12-24'),
  (1039, 5149743, '74077453', 'Bolivia', 'La Paz', 'selva alegre', '157', 'Javier', 'Vega', 'Villanueva', '2021-12-25'),
  (1040, 5149744, '63003457', 'Bolivia', 'La Paz', 'sachaca', '168', 'Elena', 'Valdez', 'Arce', '2021-12-26'),
  (1041, 5149745, '62005459', 'Bolivia', 'La Paz', 'characato', '179', 'Victor', 'Llanque', 'Condori', '2021-12-27'),
  (1042, 5149746, '73003450', 'Bolivia', 'La Paz', 'yanahuara', '180', 'Isabel', 'Mamani', 'Quispe', '2021-12-28'),
  (1043, 5149747, '63003456', 'Bolivia', 'La Paz', 'tiabaya', '191', 'Julio', 'Apaza', 'Herrera', '2021-12-29'),
  (1044, 5149748, '73103350', 'Bolivia', 'La Paz', 'miraflores', '202', 'Silvia', 'Condori', 'Lopez', '2021-12-30'),
  (1045, 5149749, '63001450', 'Bolivia', 'La Paz', 'yanahuara', '213', 'Oscar', 'Arce', 'Villanueva', '2021-12-31');


--TABLA BIBLIOTECARIO
insert into bibliotecario(idUsuario,fechaInicioC,cargo,fechaFinC) 
    values (1000,'1998-01-20','Gerente','2024-01-20'); 
insert into bibliotecario(idUsuario,fechaInicioC,cargo,fechaFinC) 
    values (1024,'2000-10-20','Encargado','2026-10-20'); 
insert into bibliotecario(idUsuario,fechaInicioC,cargo,fechaFinC) 
    values (1002,'2012-01-20','Empleado','2026-10-20');
insert into bibliotecario(idUsuario,fechaInicioC,cargo,fechaFinC) 
    values (1003,'1999-12-05','Sistemas','2024-10-20'); 
insert into bibliotecario(idUsuario,fechaInicioC,cargo,fechaFinC) 
    values (1004,'2002-01-20','Gerente','2026-10-20');
    INSERT INTO bibliotecario (idUsuario, fechaInicioC, cargo, fechaFinC) 
VALUES 
  (1025, '2021-12-11', 'Coordinador', '2025-12-11'),
  (1026, '2021-12-12', 'Asistente', '2025-12-12'),
  (1027, '2021-12-13', 'Encargado', '2025-12-13'),
  (1028, '2021-12-14', 'Asesor', '2025-12-14'),
  (1029, '2021-12-15', 'Empleado', '2025-12-15'),
  (1030, '2021-12-16', 'Sistemas', '2025-12-16'),
  (1031, '2021-12-17', 'Coordinador', '2025-12-17'),
  (1032, '2021-12-18', 'Asistente', '2025-12-18'),
  (1033, '2021-12-19', 'Encargado', '2025-12-19'),
  (1034, '2021-12-20', 'Asesor', '2025-12-20'),
  (1035, '2021-12-21', 'Empleado', '2025-12-21'),
  (1036, '2021-12-22', 'Sistemas', '2025-12-22'),
  (1037, '2021-12-23', 'Coordinador', '2025-12-23'),
  (1038, '2021-12-24', 'Asistente', '2025-12-24'),
  (1039, '2021-12-25', 'Encargado', '2025-12-25'),
  (1040, '2021-12-26', 'Asesor', '2025-12-26'),
  (1041, '2021-12-27', 'Empleado', '2025-12-27'),
  (1042, '2021-12-28', 'Sistemas', '2025-12-28'),
  (1043, '2021-12-29', 'Coordinador', '2025-12-29'),
  (1044, '2021-12-30', 'Asistente', '2025-12-30'),
  (1045, '2021-12-31', 'Encargado', '2025-12-31');




-- **LECTOR:**


INSERT INTO LECTOR (idUsuario, fechaFinMem, categoriaMem)
VALUES (1005, '2023-12-31', 'estudiante');
INSERT INTO LECTOR (idUsuario, fechaFinMem, categoriaMem)
VALUES (1006, '2023-12-31', 'docente');
INSERT INTO LECTOR (idUsuario, fechaFinMem, categoriaMem)
VALUES (1007, '2023-12-31', 'publico');
INSERT INTO LECTOR (idUsuario, fechaFinMem, categoriaMem)
VALUES (1008, '2023-12-31', 'investigador');
INSERT INTO LECTOR (idUsuario, fechaFinMem, categoriaMem)
VALUES (1009, '2023-12-31', 'estudiante');
INSERT INTO LECTOR (idUsuario, fechaFinMem, categoriaMem)
VALUES (1010, '2023-12-31', 'estudiante');
INSERT INTO LECTOR (idUsuario, fechaFinMem, categoriaMem)
VALUES (1011, '2023-12-31', 'estudiante');
INSERT INTO LECTOR (idUsuario, fechaFinMem, categoriaMem)
VALUES (1012, '2023-12-31', 'docente');
INSERT INTO LECTOR (idUsuario, fechaFinMem, categoriaMem)
VALUES (1013, '2023-12-31', 'docente');
INSERT INTO LECTOR (idUsuario, fechaFinMem, categoriaMem)
VALUES (1014, '2023-12-31', 'docente');
INSERT INTO LECTOR (idUsuario, fechaFinMem, categoriaMem)
VALUES (1015, '2023-12-31', 'publico');
INSERT INTO LECTOR (idUsuario, fechaFinMem, categoriaMem)
VALUES (1016, '2023-12-31', 'publico');
INSERT INTO LECTOR (idUsuario, fechaFinMem, categoriaMem)
VALUES (1017, '2023-12-31', 'investigador');
INSERT INTO LECTOR (idUsuario, fechaFinMem, categoriaMem)
VALUES (1018, '2023-12-31', 'investigador');
INSERT INTO LECTOR (idUsuario, fechaFinMem, categoriaMem)
VALUES (1019, '2023-12-31', 'investigador');
INSERT INTO LECTOR (idUsuario, fechaFinMem, categoriaMem)
VALUES (1020, '2023-12-31', 'investigador');
INSERT INTO LECTOR (idUsuario, fechaFinMem, categoriaMem)
VALUES (1021, '2023-12-31', 'docente');
INSERT INTO LECTOR (idUsuario, fechaFinMem, categoriaMem)
VALUES (1022, '2023-12-31', 'docente');
INSERT INTO LECTOR (idUsuario, fechaFinMem, categoriaMem)
VALUES (1023, '2023-12-31', 'docente');



-- **BIBLIOTECA:**



INSERT INTO BIBLIOTECA (idBiblio, nombreBib, numeroBib, capacidad, avenidaCalle, ciudad, pais)
VALUES (500, 'biblioteca central', '150', 500, 'av. periferica', 'La Paz', 'Bolivia');
INSERT INTO BIBLIOTECA (idBiblio, nombreBib, numeroBib, capacidad, avenidaCalle, ciudad, pais)
VALUES (501, 'biblioteca universitaria', '151', 300, 'chuquisaca', 'La Paz', 'Bolivia');
INSERT INTO BIBLIOTECA (idBiblio, nombreBib, numeroBib, capacidad, avenidaCalle, ciudad, pais)
VALUES (502, 'biblioteca municipal', '152', 200, 'murillo', 'La Paz', 'Bolivia');
INSERT INTO BIBLIOTECA (idBiblio, nombreBib, numeroBib, capacidad, avenidaCalle, ciudad, pais)
VALUES (503, 'biblioteca regional', '153', 400, 'loayza', 'La paz', 'Bolivia');
INSERT INTO BIBLIOTECA (idBiblio, nombreBib, numeroBib, capacidad, avenidaCalle, ciudad, pais)
VALUES (505, 'biblioteca escolar', '154', 100, 'mercado', 'pando', 'Bolivia');
INSERT INTO BIBLIOTECA (idBiblio, nombreBib, numeroBib, capacidad, avenidaCalle, ciudad, pais)
values (506,'biblioteca estatal','1425',1000,'boqueron','La Paz','Bolivia');
INSERT INTO BIBLIOTECA (idBiblio, nombreBib, numeroBib, capacidad, avenidaCalle, ciudad, pais)
values (507,'biblioteca britanica','1424',800,'av. armentia','La Paz','Bolivia');
INSERT INTO BIBLIOTECA (idBiblio, nombreBib, numeroBib, capacidad, avenidaCalle, ciudad, pais)
values (508,'biblioteca central','1423',700,'av. buenos aires','La Paz','Bolivia');
INSERT INTO BIBLIOTECA (idBiblio, nombreBib, numeroBib, capacidad, avenidaCalle, ciudad, pais)
values (509,'biblioteca publica','1422',1000,'av. buch','La Paz','Bolivia');
INSERT INTO BIBLIOTECA (idBiblio, nombreBib, numeroBib, capacidad, avenidaCalle, ciudad, pais)
values (510,'biblioteca newBooks','1421',1500,'calatayud','La Paz','Bolivia');



-- **SECCION:**

INSERT INTO SECCION (idSec, nombreSeccion, idBiblio)
VALUES (400, 'Ficcion', 500);

INSERT INTO SECCION (idSec, nombreSeccion, idBiblio)
VALUES (401, 'Historia', 500);

INSERT INTO SECCION (idSec, nombreSeccion, idBiblio)
VALUES (402, 'Ciencia', 500);

INSERT INTO SECCION (idSec, nombreSeccion, idBiblio)
VALUES (403, 'Arte', 500);

INSERT INTO SECCION (idSec, nombreSeccion, idBiblio)
VALUES (404, 'Infantil', 500);


INSERT INTO SECCION (idSec, nombreSeccion, idBiblio)
VALUES (405, 'Ficcion', 501);

INSERT INTO SECCION (idSec, nombreSeccion, idBiblio)
VALUES (406, 'Filosofia', 501);

INSERT INTO SECCION (idSec, nombreSeccion, idBiblio)
VALUES (408, 'Tecnologia', 501);

INSERT INTO SECCION (idSec, nombreSeccion, idBiblio)
VALUES (409, 'Arte', 501);

INSERT INTO SECCION (idSec, nombreSeccion, idBiblio)
VALUES (410, 'Educacion', 501);


INSERT INTO SECCION (idSec, nombreSeccion, idBiblio)
VALUES (411, 'Viajes', 502);

INSERT INTO SECCION (idSec, nombreSeccion, idBiblio)
VALUES (412, 'Filosofia', 502);

INSERT INTO SECCION (idSec, nombreSeccion, idBiblio)
VALUES (413, 'Comics', 502);

INSERT INTO SECCION (idSec, nombreSeccion, idBiblio)
VALUES (414, 'Arte', 502);

INSERT INTO SECCION (idSec, nombreSeccion, idBiblio)
VALUES (415, 'Salud', 502);


INSERT INTO SECCION (idSec, nombreSeccion, idBiblio)
VALUES (416, 'Ficcion', 503);

INSERT INTO SECCION (idSec, nombreSeccion, idBiblio)
VALUES (417, 'Salud', 503);

INSERT INTO SECCION (idSec, nombreSeccion, idBiblio)
VALUES (418, 'Tecnologia', 503);

INSERT INTO SECCION (idSec, nombreSeccion, idBiblio)
VALUES (419, 'Arte', 503);

INSERT INTO SECCION (idSec, nombreSeccion, idBiblio)
VALUES (420, 'Revistas', 503);


INSERT INTO SECCION (idSec, nombreSeccion, idBiblio)
VALUES (421, 'Ficcion', 505);

INSERT INTO SECCION (idSec, nombreSeccion, idBiblio)
VALUES (422, 'Viajes', 505);

INSERT INTO SECCION (idSec, nombreSeccion, idBiblio)
VALUES (423, 'Ciencia', 505);

INSERT INTO SECCION (idSec, nombreSeccion, idBiblio)
VALUES (424, 'Economia', 505);

INSERT INTO SECCION (idSec, nombreSeccion, idBiblio)
VALUES (425, 'Infantil', 505);




INSERT INTO SECCION (idSec, nombreSeccion, idBiblio)
VALUES (426, 'Comics', 506);

INSERT INTO SECCION (idSec, nombreSeccion, idBiblio)
VALUES (427, 'Historia', 506);

INSERT INTO SECCION (idSec, nombreSeccion, idBiblio)
VALUES (428, 'Ciencia', 506);

INSERT INTO SECCION (idSec, nombreSeccion, idBiblio)
VALUES (429, 'Educacion', 506);

INSERT INTO SECCION (idSec, nombreSeccion, idBiblio)
VALUES (430, 'Infantil', 506);





INSERT INTO SECCION (idSec, nombreSeccion, idBiblio)
VALUES (431, 'Ficcion', 507);

INSERT INTO SECCION (idSec, nombreSeccion, idBiblio)
VALUES (432, 'Historia', 507);
INSERT INTO SECCION (idSec, nombreSeccion, idBiblio)
VALUES (433, 'Tecnologia', 507);

INSERT INTO SECCION (idSec, nombreSeccion, idBiblio)
VALUES (434, 'Arte', 507);

INSERT INTO SECCION (idSec, nombreSeccion, idBiblio)
VALUES (435, 'Filosofia', 507);



INSERT INTO SECCION (idSec, nombreSeccion, idBiblio)
VALUES (436, 'Comics', 508);

INSERT INTO SECCION (idSec, nombreSeccion, idBiblio)
VALUES (437, 'Filosofia', 508);

INSERT INTO SECCION (idSec, nombreSeccion, idBiblio)
VALUES (438, 'Ciencia', 508);

INSERT INTO SECCION (idSec, nombreSeccion, idBiblio)
VALUES (439, 'Economia', 508);

INSERT INTO SECCION (idSec, nombreSeccion, idBiblio)
VALUES (440, 'Salud', 508);



INSERT INTO SECCION (idSec, nombreSeccion, idBiblio)
VALUES (441, 'Educacion', 509);

INSERT INTO SECCION (idSec, nombreSeccion, idBiblio)
VALUES (442, 'Viajes', 509);

INSERT INTO SECCION (idSec, nombreSeccion, idBiblio)
VALUES (443, 'Tecnologia', 509);

INSERT INTO SECCION (idSec, nombreSeccion, idBiblio)
VALUES (444, 'Arte', 509);

INSERT INTO SECCION (idSec, nombreSeccion, idBiblio)
VALUES (445, 'Filosofia', 509);


INSERT INTO SECCION (idSec, nombreSeccion, idBiblio)
VALUES (446, 'Revistas', 510);

INSERT INTO SECCION (idSec, nombreSeccion, idBiblio)
VALUES (447, 'Historia', 510);

INSERT INTO SECCION (idSec, nombreSeccion, idBiblio)
VALUES (448, 'Filosofia', 510);

INSERT INTO SECCION (idSec, nombreSeccion, idBiblio)
VALUES (449, 'Economia', 510);

INSERT INTO SECCION (idSec, nombreSeccion, idBiblio)
VALUES (450, 'Geografia', 510);





-- **ESTANTERIA:**

    -- SECCION 400 ... 
    INSERT INTO ESTANTERIA (idEst, capacidadEst, nroPasillo, idSec)
    VALUES (300, 50, 1, 400);
    INSERT INTO ESTANTERIA (idEst, capacidadEst, nroPasillo, idSec)
    VALUES (301, 50, 1, 401);
    INSERT INTO ESTANTERIA (idEst, capacidadEst, nroPasillo, idSec)
    VALUES (302, 50, 1, 402);
    INSERT INTO ESTANTERIA (idEst, capacidadEst, nroPasillo, idSec)
    VALUES (303, 50, 1, 403);
    INSERT INTO ESTANTERIA (idEst, capacidadEst, nroPasillo, idSec)
    VALUES (304, 50, 1, 404);
 INSERT INTO ESTANTERIA (idEst, capacidadEst, nroPasillo, idSec)
    VALUES (305, 50, 1, 405);
 INSERT INTO ESTANTERIA (idEst, capacidadEst, nroPasillo, idSec)
    VALUES (306, 50, 1, 406);
 INSERT INTO ESTANTERIA (idEst, capacidadEst, nroPasillo, idSec)
    VALUES (307, 50, 1, 408);
 INSERT INTO ESTANTERIA (idEst, capacidadEst, nroPasillo, idSec)
    VALUES (308, 50, 1, 409);
 INSERT INTO ESTANTERIA (idEst, capacidadEst, nroPasillo, idSec)
    VALUES (309, 50, 1, 410);
 INSERT INTO ESTANTERIA (idEst, capacidadEst, nroPasillo, idSec)
    VALUES (310, 50, 1, 411);
 INSERT INTO ESTANTERIA (idEst, capacidadEst, nroPasillo, idSec)
    VALUES (311, 50, 1, 412);
 INSERT INTO ESTANTERIA (idEst, capacidadEst, nroPasillo, idSec)
    VALUES (312, 50, 1, 413);
 INSERT INTO ESTANTERIA (idEst, capacidadEst, nroPasillo, idSec)
    VALUES (313, 50, 1, 414);
 INSERT INTO ESTANTERIA (idEst, capacidadEst, nroPasillo, idSec)
    VALUES (314, 50, 1, 415);
 INSERT INTO ESTANTERIA (idEst, capacidadEst, nroPasillo, idSec)
    VALUES (315, 50, 1, 416);
 INSERT INTO ESTANTERIA (idEst, capacidadEst, nroPasillo, idSec)
    VALUES (316, 50, 1, 417);
 INSERT INTO ESTANTERIA (idEst, capacidadEst, nroPasillo, idSec)
    VALUES (317, 50, 1, 418);
 INSERT INTO ESTANTERIA (idEst, capacidadEst, nroPasillo, idSec)
    VALUES (318, 50, 1, 419);
 INSERT INTO ESTANTERIA (idEst, capacidadEst, nroPasillo, idSec)
    VALUES (319, 50, 1, 420);
 INSERT INTO ESTANTERIA (idEst, capacidadEst, nroPasillo, idSec)
    VALUES (320, 50, 1, 421);
 INSERT INTO ESTANTERIA (idEst, capacidadEst, nroPasillo, idSec)
    VALUES (321, 50, 1, 422);
 INSERT INTO ESTANTERIA (idEst, capacidadEst, nroPasillo, idSec)
    VALUES (322, 50, 1, 423);
 INSERT INTO ESTANTERIA (idEst, capacidadEst, nroPasillo, idSec)
    VALUES (323, 50, 1, 424);
 INSERT INTO ESTANTERIA (idEst, capacidadEst, nroPasillo, idSec)
    VALUES (324, 50, 1, 425);
 INSERT INTO ESTANTERIA (idEst, capacidadEst, nroPasillo, idSec)
    VALUES (325, 50, 1, 426);
 INSERT INTO ESTANTERIA (idEst, capacidadEst, nroPasillo, idSec)
    VALUES (326, 50, 1, 427);
 INSERT INTO ESTANTERIA (idEst, capacidadEst, nroPasillo, idSec)
    VALUES (327, 50, 1, 428);
 INSERT INTO ESTANTERIA (idEst, capacidadEst, nroPasillo, idSec)
    VALUES (328, 50, 1, 429);
 INSERT INTO ESTANTERIA (idEst, capacidadEst, nroPasillo, idSec)
    VALUES (329, 50, 1, 430);
 INSERT INTO ESTANTERIA (idEst, capacidadEst, nroPasillo, idSec)
    VALUES (330, 50, 1, 431);
 INSERT INTO ESTANTERIA (idEst, capacidadEst, nroPasillo, idSec)
    VALUES (331, 50, 1, 432);
 INSERT INTO ESTANTERIA (idEst, capacidadEst, nroPasillo, idSec)
    VALUES (332, 50, 1, 433);
 INSERT INTO ESTANTERIA (idEst, capacidadEst, nroPasillo, idSec)
    VALUES (333, 50, 1, 434);
 INSERT INTO ESTANTERIA (idEst, capacidadEst, nroPasillo, idSec)
    VALUES (334, 50, 1, 435);
 INSERT INTO ESTANTERIA (idEst, capacidadEst, nroPasillo, idSec)
    VALUES (335, 50, 1, 436);
 INSERT INTO ESTANTERIA (idEst, capacidadEst, nroPasillo, idSec)
    VALUES (336, 50, 1, 437);
 INSERT INTO ESTANTERIA (idEst, capacidadEst, nroPasillo, idSec)
    VALUES (337, 50, 1, 438);
 INSERT INTO ESTANTERIA (idEst, capacidadEst, nroPasillo, idSec)
    VALUES (338, 50, 1, 439);
 INSERT INTO ESTANTERIA (idEst, capacidadEst, nroPasillo, idSec)
    VALUES (339, 50, 1, 440);
 INSERT INTO ESTANTERIA (idEst, capacidadEst, nroPasillo, idSec)
    VALUES (340, 50, 1, 441);
 INSERT INTO ESTANTERIA (idEst, capacidadEst, nroPasillo, idSec)
    VALUES (341, 50, 1, 442);
 INSERT INTO ESTANTERIA (idEst, capacidadEst, nroPasillo, idSec)
    VALUES (342, 50, 1, 443);
 INSERT INTO ESTANTERIA (idEst, capacidadEst, nroPasillo, idSec)
    VALUES (343, 50, 1, 444);
 INSERT INTO ESTANTERIA (idEst, capacidadEst, nroPasillo, idSec)
    VALUES (344, 50, 1, 445);   
 INSERT INTO ESTANTERIA (idEst, capacidadEst, nroPasillo, idSec)
    VALUES (345, 50, 1, 446);
 INSERT INTO ESTANTERIA (idEst, capacidadEst, nroPasillo, idSec)
    VALUES (346, 50, 1, 447);
 INSERT INTO ESTANTERIA (idEst, capacidadEst, nroPasillo, idSec)
    VALUES (347, 50, 1, 448);
 INSERT INTO ESTANTERIA (idEst, capacidadEst, nroPasillo, idSec)
    VALUES (348, 50, 1, 449);

 INSERT INTO ESTANTERIA (idEst, capacidadEst, nroPasillo, idSec)
    VALUES (349, 50, 1, 450);


-- **DOCUMENTO:**


INSERT INTO DOCUMENTO (idDoc,  titulo, descripcion, fechaPublicacion, idEst, idIdioma)
VALUES ('600', 'The Book Title', 'A great book about something', '2023-01-15', 300, 1);
-- procura que todo este en minuscula  usa este formato luego lo cambiare para los otros dbms

INSERT INTO DOCUMENTO (idDoc, titulo, descripcion, fechaPublicacion, idEst, idIdioma)
VALUES ('601', 'Another Book', 'An intriguing read on a different topic', '2023-02-20', 305, 2);
INSERT INTO DOCUMENTO (idDoc, titulo, descripcion, fechaPublicacion, idEst, idIdioma)
VALUES ('602', 'Another Book', 'An intriguing read on a different topic', '2023-02-20', 315, 2);
INSERT INTO DOCUMENTO (idDoc, titulo, descripcion, fechaPublicacion, idEst, idIdioma)
VALUES ('603', 'Amazing Stories', 'A collection of fascinating tales', '2023-03-10', 302, 3);
INSERT INTO DOCUMENTO (idDoc, titulo, descripcion, fechaPublicacion, idEst, idIdioma) 
VALUES ('604', 'Science Journal', 'Latest discoveries in scientific fields', '2023-04-05', 301, 4);
INSERT INTO DOCUMENTO (idDoc, titulo, descripcion, fechaPublicacion, idEst, idIdioma)
VALUES ('605', 'History Unveiled', 'Insights into historical events', '2023-05-18', 326, 4);
INSERT INTO DOCUMENTO (idDoc, titulo, descripcion, fechaPublicacion, idEst, idIdioma)
VALUES ('606', 'The Guidebook', 'A comprehensive guide for beginners', '2023-06-30', 331, 4);
INSERT INTO DOCUMENTO (idDoc, titulo, descripcion, fechaPublicacion, idEst, idIdioma)
VALUES ('607', 'Fictional Realms', 'Exploring imaginary worlds', '2023-07-12', 320, 4);


INSERT INTO DOCUMENTO (idDoc, titulo, descripcion, fechaPublicacion, idEst, idIdioma)
VALUES ('608', 'El Arte de la Narración', 'Revelando técnicas narrativas', '2023-08-25', 300, 2);
INSERT INTO DOCUMENTO (idDoc, titulo, descripcion, fechaPublicacion, idEst, idIdioma)
VALUES ('609', 'Crónicas Históricas', 'Viaje a través de eventos pasados', '2023-09-18', 300, 1);
INSERT INTO DOCUMENTO (idDoc, titulo, descripcion, fechaPublicacion, idEst, idIdioma)
VALUES ('610', 'La Ciencia detrás de la Ficción', 'Análisis de aspectos científicos en la ficción', '2023-10-05', 300, 3);
INSERT INTO DOCUMENTO (idDoc, titulo, descripcion, fechaPublicacion, idEst, idIdioma)
VALUES ('611', 'Técnicas de Construcción de Mundos de Fantasía', 'Creando mundos ficticios inmersivos', '2023-11-20', 300, 4);
INSERT INTO DOCUMENTO (idDoc, titulo, descripcion, fechaPublicacion, idEst, idIdioma)
VALUES ('612', 'Enciclopedia de Criaturas Míticas', 'Explorando bestias y seres legendarios', '2023-12-03', 300, 2);
INSERT INTO DOCUMENTO (idDoc, titulo, descripcion, fechaPublicacion, idEst, idIdioma)
VALUES ('613', 'Ideas para Escritura Creativa', 'Inspiración para escritores aspirantes', '2024-01-15', 300, 1);
INSERT INTO DOCUMENTO (idDoc, titulo, descripcion, fechaPublicacion, idEst, idIdioma)
VALUES ('614', 'Teoría de Universos Paralelos', 'Entendiendo realidades alternativas', '2024-02-08', 300, 3);
INSERT INTO DOCUMENTO (idDoc, titulo, descripcion, fechaPublicacion, idEst, idIdioma)
VALUES ('615', 'El Arte de Crear Mapas de Fantasía', 'Diseñando mapas para mundos ficticios', '2024-03-12', 300, 4);
INSERT INTO DOCUMENTO (idDoc, titulo, descripcion, fechaPublicacion, idEst, idIdioma)
VALUES ('616', 'Leyendas y Tradiciones', 'Relatos transmitidos a través de generaciones', '2024-04-28', 300, 2);
INSERT INTO DOCUMENTO (idDoc, titulo, descripcion, fechaPublicacion, idEst, idIdioma)
VALUES ('617', 'Narrativa Digital', 'Narrativa en la era digital', '2024-05-30', 300, 1);

INSERT INTO DOCUMENTO (idDoc, titulo, descripcion, fechaPublicacion, idEst, idIdioma)
VALUES ('618', 'Magia y Hechicería', 'Explorando el arte de la magia', '2024-06-25', 300, 2);
INSERT INTO DOCUMENTO (idDoc, titulo, descripcion, fechaPublicacion, idEst, idIdioma)
VALUES ('619', 'El Misterio de lo Desconocido', 'Desvelando enigmas y secretos', '2024-07-18', 300, 1);
INSERT INTO DOCUMENTO (idDoc, titulo, descripcion, fechaPublicacion, idEst, idIdioma)
VALUES ('620', 'Viaje a Tierras Inexploradas', 'Descubriendo nuevos mundos', '2024-08-10', 300, 3);
INSERT INTO DOCUMENTO (idDoc, titulo, descripcion, fechaPublicacion, idEst, idIdioma)
VALUES ('621', 'El Poder de la Imaginación', 'Explorando los límites de la mente', '2024-09-15', 300, 4);
INSERT INTO DOCUMENTO (idDoc, titulo, descripcion, fechaPublicacion, idEst, idIdioma)
VALUES ('622', 'Criaturas Fantásticas en la Literatura', 'Estudio de seres míticos en la escritura', '2024-10-20', 300, 2);
INSERT INTO DOCUMENTO (idDoc, titulo, descripcion, fechaPublicacion, idEst, idIdioma)
VALUES ('623', 'El Arte de la Ilustración Fantástica', 'Creando imágenes para mundos imaginarios', '2024-11-12', 300, 1);
INSERT INTO DOCUMENTO (idDoc, titulo, descripcion, fechaPublicacion, idEst, idIdioma)
VALUES ('624', 'Mundos Paralelos en la Cultura Popular', 'Análisis de universos alternativos en medios', '2024-12-05', 300, 3);
INSERT INTO DOCUMENTO (idDoc, titulo, descripcion, fechaPublicacion, idEst, idIdioma)
VALUES ('625', 'La Evolución de los Géneros Literarios', 'Transformación de estilos a lo largo del tiempo', '2025-01-18', 300, 4);
INSERT INTO DOCUMENTO (idDoc, titulo, descripcion, fechaPublicacion, idEst, idIdioma)
VALUES ('626', 'El Legado de los Cuentos Épicos', 'Influencia de las epopeyas en la narrativa', '2025-02-22', 300, 2);
INSERT INTO DOCUMENTO (idDoc, titulo, descripcion, fechaPublicacion, idEst, idIdioma)
VALUES ('627', 'Futurismo y Ficción Científica', 'Visión de futuros posibles en la literatura', '2025-03-30', 300, 1);
INSERT INTO DOCUMENTO (idDoc, titulo, descripcion, fechaPublicacion, idEst, idIdioma)
VALUES ('628', 'Explorando lo Sobrenatural', 'Misterios más allá de la comprensión', '2025-04-25', 300, 2);
INSERT INTO DOCUMENTO (idDoc, titulo, descripcion, fechaPublicacion, idEst, idIdioma)
VALUES ('629', 'La Magia de la Realidad', 'Entendiendo lo extraordinario en lo común', '2025-05-18', 300, 1);
INSERT INTO DOCUMENTO (idDoc, titulo, descripcion, fechaPublicacion, idEst, idIdioma)
VALUES ('630', 'Los Enigmas del Cosmos', 'Misterios del universo por descubrir', '2025-06-10', 300, 3);

INSERT INTO DOCUMENTO (idDoc, titulo, descripcion, fechaPublicacion, idEst, idIdioma)
VALUES ('631', 'Narrativa en el Siglo XXI', 'Evolución de la escritura moderna', '2025-07-15', 300, 4);
INSERT INTO DOCUMENTO (idDoc, titulo, descripcion, fechaPublicacion, idEst, idIdioma)
VALUES ('632', 'Mitos y Leyendas Urbanas', 'Historias ocultas en la vida cotidiana', '2025-08-20', 300, 2);
INSERT INTO DOCUMENTO (idDoc, titulo, descripcion, fechaPublicacion, idEst, idIdioma)
VALUES ('633', 'Ficción Interactiva', 'Experiencias narrativas no lineales', '2025-09-12', 300, 1);
INSERT INTO DOCUMENTO (idDoc, titulo, descripcion, fechaPublicacion, idEst, idIdioma)
VALUES ('634', 'El Arte de Crear Personajes', 'Desarrollo de figuras memorables', '2025-10-05', 300, 3);
INSERT INTO DOCUMENTO (idDoc, titulo, descripcion, fechaPublicacion, idEst, idIdioma)
VALUES ('635', 'El Legado de los Mitos Antiguos', 'Influencia en la cultura contemporánea', '2025-11-18', 300, 4);
INSERT INTO DOCUMENTO (idDoc, titulo, descripcion, fechaPublicacion, idEst, idIdioma)
VALUES ('636', 'El Poder de la Palabra', 'Impacto del lenguaje en la narrativa', '2025-12-22', 300, 2);
INSERT INTO DOCUMENTO (idDoc, titulo, descripcion, fechaPublicacion, idEst, idIdioma)
VALUES ('637', 'Distopías Modernas', 'Reflejo de sociedades futuras', '2026-01-30', 300, 1);
INSERT INTO DOCUMENTO (idDoc, titulo, descripcion, fechaPublicacion, idEst, idIdioma)
VALUES ('638', 'Fantasía y Realidad', 'Límites entre mundos imaginarios y reales', '2026-02-28', 300, 3);
INSERT INTO DOCUMENTO (idDoc, titulo, descripcion, fechaPublicacion, idEst, idIdioma)
VALUES ('639', 'La Escritura en el Cine', 'Adaptaciones literarias en la gran pantalla', '2026-03-25', 300, 4);
INSERT INTO DOCUMENTO (idDoc, titulo, descripcion, fechaPublicacion, idEst, idIdioma)
VALUES ('640', 'Narrativa Digital Interactiva', 'Innovación en la experiencia del lector', '2026-04-20', 300, 2);
INSERT INTO DOCUMENTO (idDoc, titulo, descripcion, fechaPublicacion, idEst, idIdioma)
VALUES ('641', 'El Arte de la Narrativa Visual', 'Contar historias a través de imágenes', '2026-05-15', 300, 1);
INSERT INTO DOCUMENTO (idDoc, titulo, descripcion, fechaPublicacion, idEst, idIdioma)
VALUES ('642', 'El Lenguaje de la Ciencia-Ficción', 'Análisis de términos y conceptos', '2026-06-10', 300, 3);
INSERT INTO DOCUMENTO (idDoc, titulo, descripcion, fechaPublicacion, idEst, idIdioma)
VALUES ('643', 'La Magia de la Literatura Infantil', 'Impacto en la formación temprana', '2026-07-25', 300, 4);
INSERT INTO DOCUMENTO (idDoc, titulo, descripcion, fechaPublicacion, idEst, idIdioma)
VALUES ('644', 'Universos Fantásticos en Videojuegos', 'Exploración de mundos virtuales', '2026-08-18', 300, 2);
INSERT INTO DOCUMENTO (idDoc, titulo, descripcion, fechaPublicacion, idEst, idIdioma)
VALUES ('645', 'El Mito del Héroe', 'Arquetipos en la narrativa clásica', '2026-09-12', 300, 1);

INSERT INTO DOCUMENTO (idDoc, titulo, descripcion, fechaPublicacion, idEst, idIdioma)
VALUES ('646', 'Reinvención de los Cuentos de Hadas', 'Adaptación de relatos tradicionales', '2026-10-05', 300, 3);
INSERT INTO DOCUMENTO (idDoc, titulo, descripcion, fechaPublicacion, idEst, idIdioma)
VALUES ('647', 'La Imaginación en la Ciencia', 'Explorando la creatividad en la investigación', '2026-11-18', 300, 4);
INSERT INTO DOCUMENTO (idDoc, titulo, descripcion, fechaPublicacion, idEst, idIdioma)
VALUES ('648', 'El Poder de la Palabra Hablada', 'Narrativa a través de la oralidad', '2026-12-22', 300, 2);
INSERT INTO DOCUMENTO (idDoc, titulo, descripcion, fechaPublicacion, idEst, idIdioma)
VALUES ('649', 'Mitología en el Arte', 'Influencia de mitos en expresiones visuales', '2027-01-30', 300, 1);
INSERT INTO DOCUMENTO (idDoc, titulo, descripcion, fechaPublicacion, idEst, idIdioma)
VALUES ('650', 'La Literatura como Espejo Social', 'Reflejo de la sociedad en las obras literarias', '2027-02-28', 300, 3);
INSERT INTO DOCUMENTO (idDoc, titulo, descripcion, fechaPublicacion, idEst, idIdioma)
VALUES ('651', 'Exploradores de Mundos Fantásticos', 'Viajes y aventuras en tierras imaginarias', '2027-03-25', 300, 4);
INSERT INTO DOCUMENTO (idDoc, titulo, descripcion, fechaPublicacion, idEst, idIdioma)
VALUES ('652', 'El Lenguaje en la Ciencia', 'Comunicación de conceptos científicos', '2027-04-20', 300, 2);
INSERT INTO DOCUMENTO (idDoc, titulo, descripcion, fechaPublicacion, idEst, idIdioma)
VALUES ('653', 'El Encanto de los Cuentos Cortos', 'Breves relatos con gran impacto', '2027-05-15', 300, 1);
INSERT INTO DOCUMENTO (idDoc, titulo, descripcion, fechaPublicacion, idEst, idIdioma)
VALUES ('654', 'La Ciencia-Ficción en la Cultura Popular', 'Influencia en cine, literatura y arte', '2027-06-10', 300, 3);
INSERT INTO DOCUMENTO (idDoc, titulo, descripcion, fechaPublicacion, idEst, idIdioma)
VALUES ('655', 'El Arte de Escribir Poesía', 'Expresión lírica y creativa', '2027-07-25', 300, 4);
INSERT INTO DOCUMENTO (idDoc, titulo, descripcion, fechaPublicacion, idEst, idIdioma)
VALUES ('656', 'El Renacimiento de los Mitos Antiguos', 'Nuevas interpretaciones de historias clásicas', '2027-08-18', 300, 2);
INSERT INTO DOCUMENTO (idDoc, titulo, descripcion, fechaPublicacion, idEst, idIdioma)
VALUES ('657', 'Fantasía y Tecnología', 'Intersección entre lo imaginario y lo real', '2027-09-12', 300, 1);
INSERT INTO DOCUMENTO (idDoc, titulo, descripcion, fechaPublicacion, idEst, idIdioma)
VALUES ('658', 'El Poder del Relato Personal', 'Impacto de historias individuales', '2027-10-05', 300, 3);
INSERT INTO DOCUMENTO (idDoc, titulo, descripcion, fechaPublicacion, idEst, idIdioma)
VALUES ('659', 'La Magia de la Ilustración Infantil', 'Creando mundos visuales para niños', '2027-11-18', 300, 4);
INSERT INTO DOCUMENTO (idDoc, titulo, descripcion, fechaPublicacion, idEst, idIdioma)
VALUES ('660', 'Futuros Distópicos en la Literatura', 'Representación de sociedades fallidas', '2027-12-22', 300, 2);
INSERT INTO DOCUMENTO (idDoc, titulo, descripcion, fechaPublicacion, idEst, idIdioma)
VALUES ('661', 'El Arte de la Creación de Universos', 'Desarrollo de mundos ficticios', '2028-01-30', 300, 1);
INSERT INTO DOCUMENTO (idDoc, titulo, descripcion, fechaPublicacion, idEst, idIdioma)
VALUES ('662', 'Las Raíces de los Cuentos Populares', 'Orígenes de relatos transmitidos oralmente', '2028-02-28', 300, 3);
INSERT INTO DOCUMENTO (idDoc, titulo, descripcion, fechaPublicacion, idEst, idIdioma)
VALUES ('663', 'Narrativa en Medios Digitales', 'Evolución en plataformas tecnológicas', '2028-03-25', 300, 4);
INSERT INTO DOCUMENTO (idDoc, titulo, descripcion, fechaPublicacion, idEst, idIdioma)
VALUES ('664', 'Estrategias para Escribir Ficción', 'Técnicas para crear narrativas convincentes', '2028-04-20', 300, 2);

INSERT INTO DOCUMENTO (idDoc, titulo, descripcion, fechaPublicacion, idEst, idIdioma)
VALUES ('665', 'El Mito del Viaje del Héroe', 'Arquetipos en las historias clásicas', '2028-05-15', 300, 1);
INSERT INTO DOCUMENTO (idDoc, titulo, descripcion, fechaPublicacion, idEst, idIdioma)
VALUES ('666', 'Narrativa Interactiva en Videojuegos', 'Experiencias participativas en gaming', '2028-06-10', 300, 3);
INSERT INTO DOCUMENTO (idDoc, titulo, descripcion, fechaPublicacion, idEst, idIdioma)
VALUES ('667', 'El Arte de Escribir no Ficción', 'Exploración de la escritura basada en hechos', '2028-07-25', 300, 4);
INSERT INTO DOCUMENTO (idDoc, titulo, descripcion, fechaPublicacion, idEst, idIdioma)
VALUES ('668', 'El Misticismo en la Literatura', 'Influencia de lo mágico en la escritura', '2028-08-18', 300, 2);
INSERT INTO DOCUMENTO (idDoc, titulo, descripcion, fechaPublicacion, idEst, idIdioma)
VALUES ('669', 'El Poder de la Palabra Escrita', 'Importancia de la expresión escrita', '2028-09-12', 300, 1);
INSERT INTO DOCUMENTO (idDoc, titulo, descripcion, fechaPublicacion, idEst, idIdioma)
VALUES ('670', 'Realidades Alternativas en la Literatura', 'Exploración de mundos ficticios', '2028-10-05', 300, 3);
INSERT INTO DOCUMENTO (idDoc, titulo, descripcion, fechaPublicacion, idEst, idIdioma)
VALUES ('671', 'La Belleza de la Narrativa Histórica', 'Relatos en contextos históricos', '2028-11-18', 300, 4);
INSERT INTO DOCUMENTO (idDoc, titulo, descripcion, fechaPublicacion, idEst, idIdioma)
VALUES ('672', 'El Lenguaje de la Filosofía', 'Exploración del discurso filosófico', '2028-12-22', 300, 2);
INSERT INTO DOCUMENTO (idDoc, titulo, descripcion, fechaPublicacion, idEst, idIdioma)
VALUES ('673', 'Narrativa en el Siglo XIX', 'Evolución de la escritura en la era victoriana', '2029-01-30', 300, 1);
INSERT INTO DOCUMENTO (idDoc, titulo, descripcion, fechaPublicacion, idEst, idIdioma)
VALUES ('674', 'Los Cuentos de Animales Fantásticos', 'Aventuras con seres imaginarios', '2029-02-28', 300, 3);
INSERT INTO DOCUMENTO (idDoc, titulo, descripcion, fechaPublicacion, idEst, idIdioma)
VALUES ('675', 'El Arte de Contar Historias', 'Técnicas para narrar efectivamente', '2029-03-25', 300, 4);
INSERT INTO DOCUMENTO (idDoc, titulo, descripcion, fechaPublicacion, idEst, idIdioma)
VALUES ('676', 'El Lenguaje en la Literatura Clásica', 'Análisis de obras literarias fundamentales', '2029-04-20', 300, 2);
INSERT INTO DOCUMENTO (idDoc, titulo, descripcion, fechaPublicacion, idEst, idIdioma)
VALUES ('677', 'Explorando Mundos Literarios', 'Inmersión en universos ficticios', '2029-05-15', 300, 1);
INSERT INTO DOCUMENTO (idDoc, titulo, descripcion, fechaPublicacion, idEst, idIdioma)
VALUES ('678', 'El Lenguaje de las Emociones', 'Expresión emocional en la escritura', '2029-06-10', 300, 3);
INSERT INTO DOCUMENTO (idDoc, titulo, descripcion, fechaPublicacion, idEst, idIdioma)
VALUES ('679', 'La Literatura en la Era Digital', 'Adaptación de la escritura al mundo digital', '2029-07-25', 300, 4);
INSERT INTO DOCUMENTO (idDoc, titulo, descripcion, fechaPublicacion, idEst, idIdioma)
VALUES ('680', 'El Arte de Crear Diálogos', 'Construcción de conversaciones efectivas', '2029-08-18', 300, 2);

INSERT INTO DOCUMENTO (idDoc, titulo, descripcion, fechaPublicacion, idEst, idIdioma)
VALUES ('681', 'La Escritura en la Vida Cotidiana', 'Importancia de la expresión escrita', '2029-09-12', 300, 1);
INSERT INTO DOCUMENTO (idDoc, titulo, descripcion, fechaPublicacion, idEst, idIdioma)
VALUES ('682', 'Explorando Géneros Literarios', 'Análisis de distintos estilos de escritura', '2029-10-05', 300, 3);
INSERT INTO DOCUMENTO (idDoc, titulo, descripcion, fechaPublicacion, idEst, idIdioma)
VALUES ('683', 'La Influencia de los Clásicos', 'Impacto en la literatura contemporánea', '2029-11-18', 300, 4);
INSERT INTO DOCUMENTO (idDoc, titulo, descripcion, fechaPublicacion, idEst, idIdioma)
VALUES ('684', 'El Poder de la Imaginación', 'Creación de mundos a través de la escritura', '2029-12-22', 300, 2);
INSERT INTO DOCUMENTO (idDoc, titulo, descripcion, fechaPublicacion, idEst, idIdioma)
VALUES ('685', 'El Impacto de las Palabras', 'Efecto de la comunicación escrita', '2030-01-30', 300, 1);
INSERT INTO DOCUMENTO (idDoc, titulo, descripcion, fechaPublicacion, idEst, idIdioma)
VALUES ('686', 'Narrativa en la Cultura Actual', 'Influencia de la sociedad en la escritura', '2030-02-28', 300, 3);
INSERT INTO DOCUMENTO (idDoc, titulo, descripcion, fechaPublicacion, idEst, idIdioma)
VALUES ('687', 'El Arte de la Creación Literaria', 'Técnicas para desarrollar obras escritas', '2030-03-25', 300, 4);
INSERT INTO DOCUMENTO (idDoc, titulo, descripcion, fechaPublicacion, idEst, idIdioma)
VALUES ('688', 'El Lenguaje en el Cine', 'Análisis de diálogos y narrativa visual', '2030-04-20', 300, 2);
INSERT INTO DOCUMENTO (idDoc, titulo, descripcion, fechaPublicacion, idEst, idIdioma)
VALUES ('689', 'La Magia de los Cuentos Cortos', 'Impacto narrativo en pocas palabras', '2030-05-15', 300, 1);
INSERT INTO DOCUMENTO (idDoc, titulo, descripcion, fechaPublicacion, idEst, idIdioma)
VALUES ('690', 'El Arte de la Comunicación Escrita', 'Importancia de la expresión escrita', '2030-06-10', 300, 3);
INSERT INTO DOCUMENTO (idDoc, titulo, descripcion, fechaPublicacion, idEst, idIdioma)
VALUES ('691', 'La Ética en la Literatura', 'Reflexión moral a través de la escritura', '2030-07-25', 300, 4);
INSERT INTO DOCUMENTO (idDoc, titulo, descripcion, fechaPublicacion, idEst, idIdioma)
VALUES ('692', 'La Influencia de la Fantasía en la Realidad', 'Impacto cultural y social', '2030-08-18', 300, 2);
INSERT INTO DOCUMENTO (idDoc, titulo, descripcion, fechaPublicacion, idEst, idIdioma)
VALUES ('693', 'El Arte de Escribir para Niños', 'Creación de literatura infantil', '2030-09-12', 300, 1);
INSERT INTO DOCUMENTO (idDoc, titulo, descripcion, fechaPublicacion, idEst, idIdioma)
VALUES ('694', 'Narrativa en la Era Postmoderna', 'Cambios en la escritura contemporánea', '2030-10-05', 300, 3);
INSERT INTO DOCUMENTO (idDoc, titulo, descripcion, fechaPublicacion, idEst, idIdioma)
VALUES ('695', 'Los Mitos y Leyendas en la Cultura', 'Percepción actual de mitos antiguos', '2030-11-18', 300, 4);
INSERT INTO DOCUMENTO (idDoc, titulo, descripcion, fechaPublicacion, idEst, idIdioma)
VALUES ('696', 'El Arte de la Redacción Periodística', 'Técnicas para la escritura informativa', '2030-12-22', 300, 2);
INSERT INTO DOCUMENTO (idDoc, titulo, descripcion, fechaPublicacion, idEst, idIdioma)
VALUES ('697', 'El Poder de las Palabras en la Comunicación', 'Impacto de la expresión escrita y oral', '2031-01-30', 300, 1);
INSERT INTO DOCUMENTO (idDoc, titulo, descripcion, fechaPublicacion, idEst, idIdioma)
VALUES ('698', 'El Mito del Viaje', 'Arquetipos en la narrativa clásica', '2031-02-28', 300, 3);
INSERT INTO DOCUMENTO (idDoc, titulo, descripcion, fechaPublicacion, idEst, idIdioma)
VALUES ('699', 'El Arte de la Narración Oral', 'El poder de contar historias de viva voz', '2031-03-25', 300, 4);


-- Actualización para asignar la estantería según el tipo de libro para la nueva serie
UPDATE DOCUMENTO
SET idEst = 
    CASE 
        WHEN idDoc IN ('681', '682', '683', '684', '685', '686', '687', '688', '689', '690', '691', '692', '693', '694', '695', '696', '697', '698', '699') THEN 300 -- Ficción
        WHEN idDoc IN ('665', '666', '667', '668', '669', '670', '671', '672', '673', '674', '675', '676', '677', '678', '679', '680') THEN 303 -- Arte
        WHEN idDoc IN ('646', '648', '652', '656', '658', '660', '661', '662', '663', '664') THEN 302 -- Ciencia
        WHEN idDoc IN ('646', '648', '652', '656', '658') THEN 307 -- Tecnología
        WHEN idDoc IN ('646', '648', '652') THEN 315 -- Viajes
        WHEN idDoc IN ('646', '648', '652', '656') THEN 320 -- Salud
        WHEN idDoc IN ('646', '648', '652', '656', '658', '660') THEN 330 -- Ficcion
        WHEN idDoc IN ('646', '648', '652', '656', '658', '660', '661', '662') THEN 305 -- Historia
        WHEN idDoc IN ('646', '648', '652', '656', '658', '660', '661', '662', '663', '664') THEN 340 -- Educacion
        WHEN idDoc IN ('646', '648', '652', '656', '658', '660', '661', '662', '663', '664', '665', '666', '667', '668', '669') THEN 322 -- Ciencia
        WHEN idDoc IN ('646', '648', '652', '656', '658', '660', '661', '662', '663', '664', '665', '666', '667', '668', '669', '670', '671', '672', '673', '674', '675') THEN 308 -- Economia
        WHEN idDoc IN ('646', '648', '652', '656', '658', '660', '661', '662', '663', '664', '665', '666', '667', '668', '669', '670', '671', '672', '673', '674', '675', '676', '677', '678', '679') THEN 318 -- Arte
        WHEN idDoc IN ('646', '648', '652', '656', '658', '660', '661', '662', '663', '664', '665', '666', '667', '668', '669', '670', '671', '672', '673', '674', '675', '676', '677', '678', '679', '680') THEN 333 -- Arte
        WHEN idDoc IN ('646', '648', '652', '656', '658', '660', '661', '662', '663', '664', '665', '666', '667', '668', '669', '670', '671', '672', '673', '674', '675', '676', '677', '678', '679', '680') THEN 343 -- Arte
        WHEN idDoc IN ('646', '648', '652', '656', '658', '660', '661', '662', '663', '664', '665', '666', '667', '668', '669', '670', '671', '672', '673', '674', '675', '676', '677', '678', '679', '680', '681', '682', '683', '684', '685', '686', '687', '688', '689', '690', '691', '692', '693', '694', '695', '696', '697', '698', '699') THEN 305 -- Historia
        WHEN idDoc IN ('631', '633', '637', '641') THEN 306 -- Filosofía
        WHEN idDoc IN ('632', '622', '628', '636', '640', '644') THEN 303 -- Arte
        WHEN idDoc IN ('634', '614', '628') THEN 302 -- Ciencia
        WHEN idDoc IN ('635', '626', '629', '643')THEN 300 -- Ficción
        WHEN idDoc IN ('635', '626', '629', '643') THEN 313 -- Comics
        WHEN idDoc IN ('635', '626', '629', '643') THEN 323 -- Economía
        WHEN idDoc IN ('618', '622', '628') THEN 309 -- Educación
        WHEN idDoc IN ('618', '622', '628') THEN 328 -- Educación
        WHEN idDoc IN ('618', '622', '628') THEN 340 -- Educación
        WHEN idDoc IN ('619', '605', '611', '617') THEN 306 -- Filosofía
        WHEN idDoc IN ('619', '605', '611', '617') THEN 311 -- Filosofía
        WHEN idDoc IN ('619', '605', '611', '617') THEN 334 -- Filosofía
        WHEN idDoc IN ('619', '605', '611', '617') THEN 336 -- Filosofía
        WHEN idDoc IN ('619', '605', '611', '617') THEN 344 -- Filosofía
        WHEN idDoc IN ('619', '605', '611', '617') THEN 347 -- Filosofía
        WHEN idDoc IN ('620', '614', '630') THEN 301 -- Historia
        WHEN idDoc IN ('620', '614', '630') THEN 326 -- Historia
        WHEN idDoc IN ('620', '614', '630') THEN 331 -- Historia
        WHEN idDoc IN ('620', '614', '630') THEN 346 -- Historia
        WHEN idDoc IN ('621', '623', '625') THEN 319 -- Revistas
        WHEN idDoc IN ('621', '623', '625') THEN 345 -- Revistas
        WHEN idDoc IN ('601', '602', '603', '607', '612', '616', '624', '626', '629') THEN 314 -- Salud
        WHEN idDoc IN ('601', '602', '603', '607', '612', '616', '624', '626', '629') THEN 316 -- Salud
        WHEN idDoc IN ('601', '602', '603', '607', '612', '616', '624', '626', '629') THEN 339 -- Salud
        WHEN idDoc IN ('608', '612', '616') THEN 307 -- Tecnología
        WHEN idDoc IN ('608', '612', '616') THEN 317 -- Tecnología
        WHEN idDoc IN ('608', '612', '616') THEN 332 -- Tecnología
        WHEN idDoc IN ('608', '612', '616') THEN 342 -- Tecnología
        WHEN idDoc IN ('609', '605', '611', '617') THEN 310 -- Viajes
        WHEN idDoc IN ('609', '605', '611', '617') THEN 321 -- Viajes
        WHEN idDoc IN ('609', '605', '611', '617') THEN 341 -- Viajes
        ELSE 300 -- Estantería no asignada
    END;

-- Verificación de la actualización
SELECT * FROM DOCUMENTO;












INSERT INTO AUTOR (idAutor, ciAutor,nombreAutor, apePaternoAutor, apeMaterno, nacionalidad, fechaNac, sexo)
VALUES (1300, 13132 ,'John', 'Doe', 'Smith', 'American', '1990-05-15', 'Masculino');
INSERT INTO AUTOR (idAutor, ciAutor, nombreAutor, apePaternoAutor, apeMaterno, nacionalidad, fechaNac, sexo)
VALUES (1301, 22344, 'Emily', 'Johnson', 'Brown', 'Británica', '1985-08-20', 'Femenino');
INSERT INTO AUTOR (idAutor, ciAutor, nombreAutor, apePaternoAutor, apeMaterno, nacionalidad, fechaNac, sexo)
VALUES (1302, 31455, 'Carlos', 'García', 'Hernández', 'Mexicana', '1978-03-10', 'Masculino');
INSERT INTO AUTOR (idAutor, ciAutor, nombreAutor, apePaternoAutor, apeMaterno, nacionalidad, fechaNac, sexo)
VALUES (1303, 40566, 'Sophie', 'Martínez', 'López', 'Española', '1992-11-25', 'Femenino');
INSERT INTO AUTOR (idAutor, ciAutor, nombreAutor, apePaternoAutor, apeMaterno, nacionalidad, fechaNac, sexo)
VALUES (1304, 51277, 'Mohammed', 'Khan', 'Ali', 'India', '1980-07-03', 'Masculino');
INSERT INTO AUTOR (idAutor, ciAutor, nombreAutor, apePaternoAutor, apeMaterno, nacionalidad, fechaNac, sexo)
VALUES (1305, 61188, 'Lina', 'Chen', 'Wong', 'China', '1987-09-12', 'Femenino');
INSERT INTO AUTOR (idAutor, ciAutor, nombreAutor, apePaternoAutor, apeMaterno, nacionalidad, fechaNac, sexo)
VALUES (1306, 70299, 'Hans', 'Mueller', 'Schneider', 'Alemana', '1975-12-28', 'Masculino');
INSERT INTO AUTOR (idAutor, ciAutor, nombreAutor, apePaternoAutor, apeMaterno, nacionalidad, fechaNac, sexo)
VALUES (1307, 81300, 'Maria', 'Santos', 'Silva', 'Portuguesa', '1995-04-05', 'Femenino');
INSERT INTO AUTOR (idAutor, ciAutor, nombreAutor, apePaternoAutor, apeMaterno, nacionalidad, fechaNac, sexo)
VALUES (1308, 92111, 'Antonio', 'Ramos', 'García', 'Española', '1982-06-22', 'Masculino');
INSERT INTO AUTOR (idAutor, ciAutor, nombreAutor, apePaternoAutor, apeMaterno, nacionalidad, fechaNac, sexo)
VALUES (1309, 102222, 'Aya', 'Tanaka', 'Yamamoto', 'Japonesa', '1998-10-17', 'Femenino');
INSERT INTO AUTOR (idAutor, ciAutor, nombreAutor, apePaternoAutor, apeMaterno, nacionalidad, fechaNac, sexo)
VALUES (1310, 113333, 'Raúl', 'López', 'González', 'Mexicana', '1989-02-08', 'Masculino');
INSERT INTO AUTOR (idAutor, ciAutor, nombreAutor, apePaternoAutor, apeMaterno, nacionalidad, fechaNac, sexo)
VALUES (1311, 124444, 'Elena', 'Vasquez', 'Morales', 'Española', '1990-11-14', 'Femenino');
INSERT INTO AUTOR (idAutor, ciAutor, nombreAutor, apePaternoAutor, apeMaterno, nacionalidad, fechaNac, sexo)
VALUES (1312, 135555, 'Diego', 'Fernández', 'Ortega', 'Española', '1984-05-27', 'Masculino');
INSERT INTO AUTOR (idAutor, ciAutor, nombreAutor, apePaternoAutor, apeMaterno, nacionalidad, fechaNac, sexo)
VALUES (1313, 146666, 'Olivia', 'Gómez', 'Jiménez', 'Española', '1995-03-08', 'Femenino');
INSERT INTO AUTOR (idAutor, ciAutor, nombreAutor, apePaternoAutor, apeMaterno, nacionalidad, fechaNac, sexo)
VALUES (1314, 157777, 'Marco', 'Martínez', 'Sánchez', 'Mexicana', '1988-09-19', 'Masculino');
INSERT INTO AUTOR (idAutor, ciAutor, nombreAutor, apePaternoAutor, apeMaterno, nacionalidad, fechaNac, sexo)
VALUES (1315, 168888, 'Valentina', 'Hernández', 'López', 'Mexicana', '1993-07-12', 'Femenino');
INSERT INTO AUTOR (idAutor, ciAutor, nombreAutor, apePaternoAutor, apeMaterno, nacionalidad, fechaNac, sexo)
VALUES (1316, 179999, 'Gabriel', 'Gutiérrez', 'Ramírez', 'Mexicana', '1980-12-30', 'Masculino');
INSERT INTO AUTOR (idAutor, ciAutor, nombreAutor, apePaternoAutor, apeMaterno, nacionalidad, fechaNac, sexo)
VALUES (1317, 181010, 'Isabella', 'Diaz', 'Vargas', 'Colombiana', '1998-04-25', 'Femenino');
INSERT INTO AUTOR (idAutor, ciAutor, nombreAutor, apePaternoAutor, apeMaterno, nacionalidad, fechaNac, sexo)
VALUES (1318, 191111, 'Mateo', 'Pérez', 'Castro', 'Colombiana', '1987-10-08', 'Masculino');
INSERT INTO AUTOR (idAutor, ciAutor, nombreAutor, apePaternoAutor, apeMaterno, nacionalidad, fechaNac, sexo)
VALUES (1319, 201212, 'Camila', 'Rodríguez', 'González', 'Colombiana', '1991-06-15', 'Femenino');
INSERT INTO AUTOR (idAutor, ciAutor, nombreAutor, apePaternoAutor, apeMaterno, nacionalidad, fechaNac, sexo)
VALUES (1320, 211313, 'Santiago', 'Chavez', 'Herrera', 'Ecuatoriana', '1982-02-28', 'Masculino');
INSERT INTO AUTOR (idAutor, ciAutor, nombreAutor, apePaternoAutor, apeMaterno, nacionalidad, fechaNac, sexo)
VALUES (1321, 221414, 'Luciana', 'Garcia', 'Alvarez', 'Ecuatoriana', '1996-08-20', 'Femenino');
INSERT INTO AUTOR (idAutor, ciAutor, nombreAutor, apePaternoAutor, apeMaterno, nacionalidad, fechaNac, sexo)
VALUES (1322, 231515, 'Daniel', 'Silva', 'Ruiz', 'Brasileña', '1985-04-07', 'Masculino');
INSERT INTO AUTOR (idAutor, ciAutor, nombreAutor, apePaternoAutor, apeMaterno, nacionalidad, fechaNac, sexo)
VALUES (1323, 241616, 'Mariana', 'Ferreira', 'Santos', 'Brasileña', '1990-12-12', 'Femenino');
INSERT INTO AUTOR (idAutor, ciAutor, nombreAutor, apePaternoAutor, apeMaterno, nacionalidad, fechaNac, sexo)
VALUES (1324, 251717, 'Pedro', 'Ribeiro', 'Costa', 'Brasileña', '1980-09-25', 'Masculino');
INSERT INTO AUTOR (idAutor, ciAutor, nombreAutor, apePaternoAutor, apeMaterno, nacionalidad, fechaNac, sexo)
VALUES (1325, 261818, 'Ana', 'Silva', 'Oliveira', 'Portuguesa', '1995-05-18', 'Femenino');
INSERT INTO AUTOR (idAutor, ciAutor, nombreAutor, apePaternoAutor, apeMaterno, nacionalidad, fechaNac, sexo)
VALUES (1326, 271919, 'João', 'Pereira', 'Rodrigues', 'Portuguesa', '1989-01-30', 'Masculino');
INSERT INTO AUTOR (idAutor, ciAutor, nombreAutor, apePaternoAutor, apeMaterno, nacionalidad, fechaNac, sexo)
VALUES (1327, 282020, 'Eva', 'Moreira', 'Fernandes', 'Portuguesa', '1992-07-05', 'Femenino');
INSERT INTO AUTOR (idAutor, ciAutor, nombreAutor, apePaternoAutor, apeMaterno, nacionalidad, fechaNac, sexo)
VALUES (1328, 292121, 'Luís', 'Martins', 'Sousa', 'Portuguesa', '1984-03-18', 'Masculino');
INSERT INTO AUTOR (idAutor, ciAutor, nombreAutor, apePaternoAutor, apeMaterno, nacionalidad, fechaNac, sexo)
VALUES (1329, 302222, 'Catarina', 'Fernandes', 'Ribeiro', 'Portuguesa', '1998-09-10', 'Femenino');
INSERT INTO AUTOR (idAutor, ciAutor, nombreAutor, apePaternoAutor, apeMaterno, nacionalidad, fechaNac, sexo)
VALUES (1330, 312323, 'Manuel', 'Gonçalves', 'Silva', 'Portuguesa', '1981-11-22', 'Masculino');
INSERT INTO AUTOR (idAutor, ciAutor, nombreAutor, apePaternoAutor, apeMaterno, nacionalidad, fechaNac, sexo)
VALUES (1331, 322424, 'Laura', 'Almeida', 'Costa', 'Brasileña', '1993-06-14', 'Femenino');
INSERT INTO AUTOR (idAutor, ciAutor, nombreAutor, apePaternoAutor, apeMaterno, nacionalidad, fechaNac, sexo)
VALUES (1332, 332525, 'Diego', 'Fernández', 'Ortega', 'Mexicana', '1977-10-27', 'Masculino');
INSERT INTO AUTOR (idAutor, ciAutor, nombreAutor, apePaternoAutor, apeMaterno, nacionalidad, fechaNac, sexo)
VALUES (1333, 342626, 'Valeria', 'García', 'López', 'Mexicana', '1990-12-08', 'Femenino');
INSERT INTO AUTOR (idAutor, ciAutor, nombreAutor, apePaternoAutor, apeMaterno, nacionalidad, fechaNac, sexo)
VALUES (1334, 352727, 'Eduardo', 'Martínez', 'Sánchez', 'Española', '1985-09-19', 'Masculino');
INSERT INTO AUTOR (idAutor, ciAutor, nombreAutor, apePaternoAutor, apeMaterno, nacionalidad, fechaNac, sexo)
VALUES (1335, 362828, 'Sofía', 'Hernández', 'Gómez', 'Española', '1997-07-12', 'Femenino');
INSERT INTO AUTOR (idAutor, ciAutor, nombreAutor, apePaternoAutor, apeMaterno, nacionalidad, fechaNac, sexo)
VALUES (1336, 372929, 'Gustavo', 'Gutiérrez', 'Ramírez', 'Mexicana', '1981-12-30', 'Masculino');
INSERT INTO AUTOR (idAutor, ciAutor, nombreAutor, apePaternoAutor, apeMaterno, nacionalidad, fechaNac, sexo)
VALUES (1337, 383030, 'Camila', 'Diaz', 'Vargas', 'Colombiana', '1997-04-25', 'Femenino');
INSERT INTO AUTOR (idAutor, ciAutor, nombreAutor, apePaternoAutor, apeMaterno, nacionalidad, fechaNac, sexo)
VALUES (1338, 393131, 'Juan', 'Pérez', 'Castro', 'Colombiana', '1988-10-08', 'Masculino');
INSERT INTO AUTOR (idAutor, ciAutor, nombreAutor, apePaternoAutor, apeMaterno, nacionalidad, fechaNac, sexo)
VALUES (1339, 403232, 'Ana', 'Rodríguez', 'González', 'Colombiana', '1992-06-15', 'Femenino');
INSERT INTO AUTOR (idAutor, ciAutor, nombreAutor, apePaternoAutor, apeMaterno, nacionalidad, fechaNac, sexo)
VALUES (1340, 413333, 'Diego', 'Chavez', 'Herrera', 'Ecuatoriana', '1983-02-28', 'Masculino');
INSERT INTO AUTOR (idAutor, ciAutor, nombreAutor, apePaternoAutor, apeMaterno, nacionalidad, fechaNac, sexo)
VALUES (1341, 423434, 'Lucía', 'Garcia', 'Morales', 'Española', '1990-11-14', 'Femenino');
INSERT INTO AUTOR (idAutor, ciAutor, nombreAutor, apePaternoAutor, apeMaterno, nacionalidad, fechaNac, sexo)
VALUES (1342, 433535, 'Fernando', 'Fernández', 'Ortega', 'Española', '1984-05-27', 'Masculino');
INSERT INTO AUTOR (idAutor, ciAutor, nombreAutor, apePaternoAutor, apeMaterno, nacionalidad, fechaNac, sexo)
VALUES (1343, 443636, 'Olga', 'Gómez', 'Jiménez', 'Española', '1995-03-08', 'Femenino');
INSERT INTO AUTOR (idAutor, ciAutor, nombreAutor, apePaternoAutor, apeMaterno, nacionalidad, fechaNac, sexo)
VALUES (1344, 453737, 'Marcelo', 'Martínez', 'Sánchez', 'Mexicana', '1988-09-19', 'Masculino');
INSERT INTO AUTOR (idAutor, ciAutor, nombreAutor, apePaternoAutor, apeMaterno, nacionalidad, fechaNac, sexo)
VALUES (1345, 463838, 'Victoria', 'Hernández', 'López', 'Mexicana', '1993-07-12', 'Femenino');
INSERT INTO AUTOR (idAutor, ciAutor, nombreAutor, apePaternoAutor, apeMaterno, nacionalidad, fechaNac, sexo)
VALUES (1346, 473939, 'Gerardo', 'Gutiérrez', 'Ramírez', 'Mexicana', '1980-12-30', 'Masculino');
INSERT INTO AUTOR (idAutor, ciAutor, nombreAutor, apePaternoAutor, apeMaterno, nacionalidad, fechaNac, sexo)
VALUES (1347, 484040, 'Isabel', 'Diaz', 'Vargas', 'Colombiana', '1998-04-25', 'Femenino');
INSERT INTO AUTOR (idAutor, ciAutor, nombreAutor, apePaternoAutor, apeMaterno, nacionalidad, fechaNac, sexo)
VALUES (1348, 494141, 'Manuel', 'Pérez', 'Castro', 'Colombiana', '1987-10-08', 'Masculino');
INSERT INTO AUTOR (idAutor, ciAutor, nombreAutor, apePaternoAutor, apeMaterno, nacionalidad, fechaNac, sexo)
VALUES (1349, 504242, 'Carolina', 'Rodríguez', 'González', 'Colombiana', '1991-06-15', 'Femenino');
INSERT INTO AUTOR (idAutor, ciAutor, nombreAutor, apePaternoAutor, apeMaterno, nacionalidad, fechaNac, sexo)
VALUES (1350, 514343, 'Fabián', 'Chavez', 'Herrera', 'Ecuatoriana', '1982-02-28', 'Masculino');

INSERT INTO escritoPor (idAutor, idDoc) VALUES (1300, '600');
INSERT INTO escritoPor (idAutor, idDoc) VALUES (1300, '699');
INSERT INTO escritoPor (idAutor, idDoc) VALUES (1301, '601');
INSERT INTO escritoPor (idAutor, idDoc) VALUES (1301, '602');
INSERT INTO escritoPor (idAutor, idDoc) VALUES (1302, '603');
INSERT INTO escritoPor (idAutor, idDoc) VALUES (1302, '604');
INSERT INTO escritoPor (idAutor, idDoc) VALUES (1303, '605');
INSERT INTO escritoPor (idAutor, idDoc) VALUES (1303, '606');
INSERT INTO escritoPor (idAutor, idDoc) VALUES (1304, '607');
INSERT INTO escritoPor (idAutor, idDoc) VALUES (1304, '608');
INSERT INTO escritoPor (idAutor, idDoc) VALUES (1305, '609');
INSERT INTO escritoPor (idAutor, idDoc) VALUES (1305, '610');
INSERT INTO escritoPor (idAutor, idDoc) VALUES (1306, '611');
INSERT INTO escritoPor (idAutor, idDoc) VALUES (1306, '612');
INSERT INTO escritoPor (idAutor, idDoc) VALUES (1307, '613');
INSERT INTO escritoPor (idAutor, idDoc) VALUES (1307, '614');
INSERT INTO escritoPor (idAutor, idDoc) VALUES (1308, '615');
INSERT INTO escritoPor (idAutor, idDoc) VALUES (1308, '616');
INSERT INTO escritoPor (idAutor, idDoc) VALUES (1309, '617');
INSERT INTO escritoPor (idAutor, idDoc) VALUES (1309, '618');
INSERT INTO escritoPor (idAutor, idDoc) VALUES (1310, '619');
INSERT INTO escritoPor (idAutor, idDoc) VALUES (1310, '620');
INSERT INTO escritoPor (idAutor, idDoc) VALUES (1311, '621');
INSERT INTO escritoPor (idAutor, idDoc) VALUES (1311, '622');
INSERT INTO escritoPor (idAutor, idDoc) VALUES (1312, '623');
INSERT INTO escritoPor (idAutor, idDoc) VALUES (1312, '624');
INSERT INTO escritoPor (idAutor, idDoc) VALUES (1313, '625');
INSERT INTO escritoPor (idAutor, idDoc) VALUES (1313, '626');
INSERT INTO escritoPor (idAutor, idDoc) VALUES (1314, '627');
INSERT INTO escritoPor (idAutor, idDoc) VALUES (1314, '628');
INSERT INTO escritoPor (idAutor, idDoc) VALUES (1315, '629');
INSERT INTO escritoPor (idAutor, idDoc) VALUES (1315, '630');
INSERT INTO escritoPor (idAutor, idDoc) VALUES (1316, '631');
INSERT INTO escritoPor (idAutor, idDoc) VALUES (1316, '632');
INSERT INTO escritoPor (idAutor, idDoc) VALUES (1317, '633');
INSERT INTO escritoPor (idAutor, idDoc) VALUES (1317, '634');
INSERT INTO escritoPor (idAutor, idDoc) VALUES (1318, '635');
INSERT INTO escritoPor (idAutor, idDoc) VALUES (1318, '636');
INSERT INTO escritoPor (idAutor, idDoc) VALUES (1319, '637');
INSERT INTO escritoPor (idAutor, idDoc) VALUES (1319, '638');
INSERT INTO escritoPor (idAutor, idDoc) VALUES (1320, '639');
INSERT INTO escritoPor (idAutor, idDoc) VALUES (1320, '640');
INSERT INTO escritoPor (idAutor, idDoc) VALUES (1321, '641');
INSERT INTO escritoPor (idAutor, idDoc) VALUES (1321, '642');
INSERT INTO escritoPor (idAutor, idDoc) VALUES (1322, '643');
INSERT INTO escritoPor (idAutor, idDoc) VALUES (1322, '644');
INSERT INTO escritoPor (idAutor, idDoc) VALUES (1323, '645');
INSERT INTO escritoPor (idAutor, idDoc) VALUES (1323, '646');
INSERT INTO escritoPor (idAutor, idDoc) VALUES (1324, '647');
INSERT INTO escritoPor (idAutor, idDoc) VALUES (1324, '648');
INSERT INTO escritoPor (idAutor, idDoc) VALUES (1325, '649');
INSERT INTO escritoPor (idAutor, idDoc) VALUES (1325, '650');
INSERT INTO escritoPor (idAutor, idDoc) VALUES (1326, '651');
INSERT INTO escritoPor (idAutor, idDoc) VALUES (1326, '652');
INSERT INTO escritoPor (idAutor, idDoc) VALUES (1327, '653');
INSERT INTO escritoPor (idAutor, idDoc) VALUES (1327, '654');
INSERT INTO escritoPor (idAutor, idDoc) VALUES (1328, '655');
INSERT INTO escritoPor (idAutor, idDoc) VALUES (1328, '656');
INSERT INTO escritoPor (idAutor, idDoc) VALUES (1329, '657');
INSERT INTO escritoPor (idAutor, idDoc) VALUES (1329, '658');
INSERT INTO escritoPor (idAutor, idDoc) VALUES (1330, '659');
INSERT INTO escritoPor (idAutor, idDoc) VALUES (1330, '660');
INSERT INTO escritoPor (idAutor, idDoc) VALUES (1331, '661');
INSERT INTO escritoPor (idAutor, idDoc) VALUES (1331, '662');
INSERT INTO escritoPor (idAutor, idDoc) VALUES (1332, '663');
INSERT INTO escritoPor (idAutor, idDoc) VALUES (1332, '664');
INSERT INTO escritoPor (idAutor, idDoc) VALUES (1333, '665');
INSERT INTO escritoPor (idAutor, idDoc) VALUES (1333, '666');
INSERT INTO escritoPor (idAutor, idDoc) VALUES (1334, '667');
INSERT INTO escritoPor (idAutor, idDoc) VALUES (1334, '668');
INSERT INTO escritoPor (idAutor, idDoc) VALUES (1335, '669');
INSERT INTO escritoPor (idAutor, idDoc) VALUES (1335, '670');
INSERT INTO escritoPor (idAutor, idDoc) VALUES (1336, '671');
INSERT INTO escritoPor (idAutor, idDoc) VALUES (1336, '672');
INSERT INTO escritoPor (idAutor, idDoc) VALUES (1337, '673');
INSERT INTO escritoPor (idAutor, idDoc) VALUES (1337, '674');
INSERT INTO escritoPor (idAutor, idDoc) VALUES (1338, '675');
INSERT INTO escritoPor (idAutor, idDoc) VALUES (1339, '676');
INSERT INTO escritoPor (idAutor, idDoc) VALUES (1339, '677');
INSERT INTO escritoPor (idAutor, idDoc) VALUES (1340, '678');
INSERT INTO escritoPor (idAutor, idDoc) VALUES (1340, '679');
INSERT INTO escritoPor (idAutor, idDoc) VALUES (1341, '680');
INSERT INTO escritoPor (idAutor, idDoc) VALUES (1341, '681');
INSERT INTO escritoPor (idAutor, idDoc) VALUES (1342, '682');
INSERT INTO escritoPor (idAutor, idDoc) VALUES (1342, '683');
INSERT INTO escritoPor (idAutor, idDoc) VALUES (1343, '684');
INSERT INTO escritoPor (idAutor, idDoc) VALUES (1343, '685');
INSERT INTO escritoPor (idAutor, idDoc) VALUES (1344, '686');
INSERT INTO escritoPor (idAutor, idDoc) VALUES (1344, '687');
INSERT INTO escritoPor (idAutor, idDoc) VALUES (1345, '688');
INSERT INTO escritoPor (idAutor, idDoc) VALUES (1345, '689');
INSERT INTO escritoPor (idAutor, idDoc) VALUES (1346, '690');
INSERT INTO escritoPor (idAutor, idDoc) VALUES (1347, '691');
INSERT INTO escritoPor (idAutor, idDoc) VALUES (1347, '692');
INSERT INTO escritoPor (idAutor, idDoc) VALUES (1348, '693');
INSERT INTO escritoPor (idAutor, idDoc) VALUES (1348, '694');
INSERT INTO escritoPor (idAutor, idDoc) VALUES (1349, '695');
INSERT INTO escritoPor (idAutor, idDoc) VALUES (1349, '696');
INSERT INTO escritoPor (idAutor, idDoc) VALUES (1350, '697');
INSERT INTO escritoPor (idAutor, idDoc) VALUES (1350, '698');


INSERT INTO IDIOMA (idIdioma, nombreIdioma, codigoISO) 
VALUES (1, 'English', 101);
INSERT INTO IDIOMA (idIdioma, nombreIdioma, codigoISO) 
VALUES (2, 'Francés', 103);
INSERT INTO IDIOMA (idIdioma, nombreIdioma, codigoISO) 
VALUES (3, 'Alemán', 104);
INSERT INTO IDIOMA (idIdioma, nombreIdioma, codigoISO) 
VALUES (4, 'Español', 105);



INSERT INTO PROVEEDOR (idProv, fechaRegistroProv, ciudadProv, telefonoProv, paisProv, nombreProv)
VALUES (800, '2023-01-01', 'Citytown', 12345678, 'Countryland', 'Book Supplier');
INSERT INTO PROVEEDOR (idProv, fechaRegistroProv, ciudadProv, telefonoProv, paisProv, nombreProv)
VALUES (801, '2023-02-15', 'Villaciudad', 2345678, 'Territorio', 'Proveedor de Papelería');
INSERT INTO PROVEEDOR (idProv, fechaRegistroProv, ciudadProv, telefonoProv, paisProv, nombreProv)
VALUES (802, '2023-03-20', 'Ciudadlibro', 3456789, 'Paísdeletras', 'Distribuidor de Enciclopedias');
INSERT INTO PROVEEDOR (idProv, fechaRegistroProv, ciudadProv, telefonoProv, paisProv, nombreProv)
VALUES (803, '2023-04-10', 'Pueblolectura', 4567890, 'Idiomalandia', 'Editorial de Libros Infantiles');
INSERT INTO PROVEEDOR (idProv, fechaRegistroProv, ciudadProv, telefonoProv, paisProv, nombreProv)
VALUES (804, '2023-05-05', 'Ciudadlectura', 5678901, 'Paísdeconocimiento', 'Proveeduría de Textos Educativos');
INSERT INTO PROVEEDOR (idProv, fechaRegistroProv, ciudadProv, telefonoProv, paisProv, nombreProv)
VALUES (805, '2023-06-18', 'Ciudadcultura', 6789012, 'Territoriodecultura', 'Distribuidora de Libros de Historia');
INSERT INTO PROVEEDOR (idProv, fechaRegistroProv, ciudadProv, telefonoProv, paisProv, nombreProv)
VALUES (806, '2023-07-22', 'Villaletras', 7890123, 'Paísdeletras', 'Editorial de Poesía');
INSERT INTO PROVEEDOR (idProv, fechaRegistroProv, ciudadProv, telefonoProv, paisProv, nombreProv)
VALUES (807, '2023-08-30', 'Ciudadlibros', 8901234, 'Territoriodelibros', 'Proveedor de Novelas');
INSERT INTO PROVEEDOR (idProv, fechaRegistroProv, ciudadProv, telefonoProv, paisProv, nombreProv)
VALUES (808, '2023-09-09', 'Pueblolibro', 9012345, 'Paísdelectura', 'Distribuidor de Revistas');
INSERT INTO PROVEEDOR (idProv, fechaRegistroProv, ciudadProv, telefonoProv, paisProv, nombreProv)
VALUES (809, '2023-10-11', 'Villatextos', 1234567, 'Territoriotextual', 'Editorial de Textos Clásicos');
INSERT INTO PROVEEDOR (idProv, fechaRegistroProv, ciudadProv, telefonoProv, paisProv, nombreProv)
VALUES (810, '2023-11-25', 'Ciudadencanto', 2345678, 'Paísdelibros', 'Proveedor de Literatura Fantástica');
INSERT INTO PROVEEDOR (idProv, fechaRegistroProv, ciudadProv, telefonoProv, paisProv, nombreProv)
VALUES (811, '2024-03-12', 'Ciudad del Libro', 1234567, 'País de las Letras', 'Editorial Fantástica');
INSERT INTO PROVEEDOR (idProv, fechaRegistroProv, ciudadProv, telefonoProv, paisProv, nombreProv)
VALUES (812, '2024-04-28', 'Pueblo de las Historias', 234567, 'Territorio Literario', 'Distribuidora de Cuentos');
INSERT INTO PROVEEDOR (idProv, fechaRegistroProv, ciudadProv, telefonoProv, paisProv, nombreProv)
VALUES (813, '2024-05-30', 'Villa de las Páginas', 3456789, 'Nación de los Libros', 'Proveedor Literario');
INSERT INTO PROVEEDOR (idProv, fechaRegistroProv, ciudadProv, telefonoProv, paisProv, nombreProv)
VALUES (814, '2024-06-15', 'Ciudad de las Letras', 4567890, 'País del Saber', 'Editorial Moderna');
INSERT INTO PROVEEDOR (idProv, fechaRegistroProv, ciudadProv, telefonoProv, paisProv, nombreProv)
VALUES (815, '2024-07-20', 'Pueblo de los Libros', 5678901, 'Territorio de la Literatura', 'Distribuidora de Novelas');
INSERT INTO PROVEEDOR (idProv, fechaRegistroProv, ciudadProv, telefonoProv, paisProv, nombreProv)
VALUES (816, '2024-08-25', 'Villa de la Imaginación', 6789012, 'Nación Literaria', 'Proveedor de Libros Infantiles');
INSERT INTO PROVEEDOR (idProv, fechaRegistroProv, ciudadProv, telefonoProv, paisProv, nombreProv)
VALUES (817, '2024-09-10', 'Ciudad de las Palabras', 7890123, 'País de la Literatura', 'Editorial de Poesía');
INSERT INTO PROVEEDOR (idProv, fechaRegistroProv, ciudadProv, telefonoProv, paisProv, nombreProv)
VALUES (818, '2024-10-15', 'Pueblo de los Cuentos', 8901234, 'Territorio de los Libros', 'Distribuidora de Cómics');
INSERT INTO PROVEEDOR (idProv, fechaRegistroProv, ciudadProv, telefonoProv, paisProv, nombreProv)
VALUES (819, '2024-11-20', 'Villa de los Relatos', 9012345, 'Nación de las Letras', 'Proveedor Literario');
INSERT INTO PROVEEDOR (idProv, fechaRegistroProv, ciudadProv, telefonoProv, paisProv, nombreProv)
VALUES (820, '2024-12-25', 'Ciudad de las Historias', 1234567, 'País de los Libros', 'Editorial de Misterio');
INSERT INTO PROVEEDOR (idProv, fechaRegistroProv, ciudadProv, telefonoProv, paisProv, nombreProv)
VALUES (821, '2024-10-30', 'Ciudadescritos', 3456789, 'Territoriotextos', 'Distribuidora de Libros Clásicos');
INSERT INTO PROVEEDOR (idProv, fechaRegistroProv, ciudadProv, telefonoProv, paisProv, nombreProv)
VALUES (822, '2024-11-18', 'Pueblolibros', 4567890, 'Paísdelalectura', 'Proveedor de Cómics');
INSERT INTO PROVEEDOR (idProv, fechaRegistroProv, ciudadProv, telefonoProv, paisProv, nombreProv)
VALUES (823, '2024-12-05', 'Villalectura', 5678901, 'Territoriodelibros', 'Editorial de Literatura Infantil');
INSERT INTO PROVEEDOR (idProv, fechaRegistroProv, ciudadProv, telefonoProv, paisProv, nombreProv)
VALUES (824, '2025-01-20', 'Ciudadpalabras', 6789012, 'Paísdeletras', 'Distribuidor de Libros de Misterio');
INSERT INTO PROVEEDOR (idProv, fechaRegistroProv, ciudadProv, telefonoProv, paisProv, nombreProv)
VALUES (825, '2025-02-14', 'Villapáginas', 7890123, 'Territoriodelibros', 'Proveedor de Libros de Fantasía');
INSERT INTO PROVEEDOR (idProv, fechaRegistroProv, ciudadProv, telefonoProv, paisProv, nombreProv)
VALUES (826, '2025-03-27', 'Ciudadliteraria', 8901234, 'Paísdelalectura', 'Editorial de Libros de Aventuras');
INSERT INTO PROVEEDOR (idProv, fechaRegistroProv, ciudadProv, telefonoProv, paisProv, nombreProv)
VALUES (827, '2025-04-09', 'Pueblohistorias', 9012345, 'Territoriodetextos', 'Distribuidora de Libros de Ciencia');
INSERT INTO PROVEEDOR (idProv, fechaRegistroProv, ciudadProv, telefonoProv, paisProv, nombreProv)
VALUES (828, '2025-05-12', 'Ciudadsaberes', 1234567, 'Paísdelconocimiento', 'Proveedor de Libros de Filosofía');
INSERT INTO PROVEEDOR (idProv, fechaRegistroProv, ciudadProv, telefonoProv, paisProv, nombreProv)
VALUES (829, '2025-06-21', 'Villalibros', 2345678, 'Territoriotextual', 'Editorial de Libros de Drama');
INSERT INTO PROVEEDOR (idProv, fechaRegistroProv, ciudadProv, telefonoProv, paisProv, nombreProv)
VALUES (830, '2025-07-30', 'Ciudadsueños', 3456789, 'Paísdelalectura', 'Distribuidor de Libros de Poesía');
INSERT INTO PROVEEDOR (idProv, fechaRegistroProv, ciudadProv, telefonoProv, paisProv, nombreProv)
VALUES (830, '2025-07-30', 'Ciudadsueños', 3456789, 'Paísdelalectura', 'Distribuidor de Libros de Poesía');
INSERT INTO PROVEEDOR (idProv, fechaRegistroProv, ciudadProv, telefonoProv, paisProv, nombreProv)
VALUES (831, '2025-08-14', 'Pueblocreativo', 4567890, 'Territoriodelibros', 'Proveedor de Libros de Humor');
INSERT INTO PROVEEDOR (idProv, fechaRegistroProv, ciudadProv, telefonoProv, paisProv, nombreProv)
VALUES (832, '2025-09-29', 'Villapárrafos', 5678901, 'Paísdeletras', 'Editorial de Libros de Terror');
INSERT INTO PROVEEDOR (idProv, fechaRegistroProv, ciudadProv, telefonoProv, paisProv, nombreProv)
VALUES (833, '2025-10-05', 'Ciudadmagia', 6789012, 'Territoriodelibros', 'Distribuidora de Libros de Mitología');
INSERT INTO PROVEEDOR (idProv, fechaRegistroProv, ciudadProv, telefonoProv, paisProv, nombreProv)
VALUES (834, '2025-11-11', 'Pueblolibro', 7890123, 'Paísdeletras', 'Proveedor de Libros de Mitos');
INSERT INTO PROVEEDOR (idProv, fechaRegistroProv, ciudadProv, telefonoProv, paisProv, nombreProv)
VALUES (835, '2025-12-20', 'Villapalabras', 8901234, 'Territoriotextual', 'Editorial de Libros de Leyendas');
INSERT INTO PROVEEDOR (idProv, fechaRegistroProv, ciudadProv, telefonoProv, paisProv, nombreProv)
VALUES (836, '2026-01-07', 'Ciudadconocimiento', 9012345, 'Paísdelconocimiento', 'Distribuidora de Libros de Ficción');
INSERT INTO PROVEEDOR (idProv, fechaRegistroProv, ciudadProv, telefonoProv, paisProv, nombreProv)
VALUES (837, '2026-02-18', 'Pueblolibros', 1234567, 'Territoriodetextos', 'Proveedor de Libros de No Ficción');
INSERT INTO PROVEEDOR (idProv, fechaRegistroProv, ciudadProv, telefonoProv, paisProv, nombreProv)
VALUES (838, '2026-03-09', 'Villapáginas', 2345678, 'Paísdelalectura', 'Editorial de Libros de Misterio');
INSERT INTO PROVEEDOR (idProv, fechaRegistroProv, ciudadProv, telefonoProv, paisProv, nombreProv)
VALUES (839, '2026-04-14', 'Ciudadpárrafos', 3456789, 'Territoriodetextos', 'Distribuidora de Libros de Autoayuda');
INSERT INTO PROVEEDOR (idProv, fechaRegistroProv, ciudadProv, telefonoProv, paisProv, nombreProv) 
VALUES (840, '2026-05-22', 'Pueblolibro', 4567890, 'Paísdeletras', 'Proveedor de Libros de Crecimiento Personal');
INSERT INTO PROVEEDOR (idProv, fechaRegistroProv, ciudadProv, telefonoProv, paisProv, nombreProv) 
VALUES (841, '2026-06-10', 'Ciudadelibros', 5678901, 'Territoriodelibros', 'Editorial de Libros de Romance');
INSERT INTO PROVEEDOR (idProv, fechaRegistroProv, ciudadProv, telefonoProv, paisProv, nombreProv) 
VALUES (842, '2026-07-18', 'Villapáginas', 6789012, 'Paísdelibros', 'Distribuidora de Libros de Viajes');
INSERT INTO PROVEEDOR (idProv, fechaRegistroProv, ciudadProv, telefonoProv, paisProv, nombreProv) 
VALUES (843, '2026-08-05', 'Ciudadhistorias', 7890126, 'Territoriodetextos', 'Proveedor de Libros de Ciencia Ficción');
INSERT INTO PROVEEDOR (idProv, fechaRegistroProv, ciudadProv, telefonoProv, paisProv, nombreProv) 
VALUES (844, '2026-09-15', 'Puebloletras', 8901234, 'Paísdelalectura', 'Editorial de Libros de Cocina');
INSERT INTO PROVEEDOR (idProv, fechaRegistroProv, ciudadProv, telefonoProv, paisProv, nombreProv) 
VALUES (845, '2026-10-28', 'Villaciencia', 9012345, 'Territoriocientífico', 'Distribuidora de Libros de Medicina');
INSERT INTO PROVEEDOR (idProv, fechaRegistroProv, ciudadProv, telefonoProv, paisProv, nombreProv) 
VALUES (846, '2026-11-30', 'Ciudadfantasía', 1234567, 'Paísdelosueño', 'Proveedor de Libros de Animales');
INSERT INTO PROVEEDOR (idProv, fechaRegistroProv, ciudadProv, telefonoProv, paisProv, nombreProv) 
VALUES (847, '2026-12-12', 'Pueblolibros', 2345678, 'Territoriodetextos', 'Editorial de Libros de Arte');
INSERT INTO PROVEEDOR (idProv, fechaRegistroProv, ciudadProv, telefonoProv, paisProv, nombreProv) 
VALUES (848, '2027-01-25', 'Villapalabras', 3456789, 'Paísdelalectura', 'Distribuidora de Libros de Jardinería');
INSERT INTO PROVEEDOR (idProv, fechaRegistroProv, ciudadProv, telefonoProv, paisProv, nombreProv) 
VALUES (849, '2027-02-14', 'Ciudadlectura', 4567890, 'Territoriodelibros', 'Proveedor de Libros de Fotografía');

INSERT INTO ADQUISICION (idAdq, transaccion, presupuesto, fechaAdq, idProv, estado, idUsuario)
VALUES (900, 'Compra123', 1000, '2023-12-17', 800, 'Pendiente', 100);
INSERT INTO ADQUISICION (idAdq, transaccion, presupuesto, fechaAdq, idProv, estado, idUsuario)
VALUES (901, 'Compra456', 1500, '2023-11-28', 801, 'Pendiente', 1001);
INSERT INTO ADQUISICION (idAdq, transaccion, presupuesto, fechaAdq, idProv, estado, idUsuario)
VALUES (902, 'Adquisición789', 800, '2023-10-15', 802, 'En proceso', 1002);
INSERT INTO ADQUISICION (idAdq, transaccion, presupuesto, fechaAdq, idProv, estado, idUsuario)
VALUES (903, 'CompraABC', 1200, '2023-09-07', 803, 'Pendiente', 1003);
INSERT INTO ADQUISICION (idAdq, transaccion, presupuesto, fechaAdq, idProv, estado, idUsuario)
VALUES (904, 'TransacciónXYZ', 900, '2023-08-23', 804, 'Aprobado', 1004);
INSERT INTO ADQUISICION (idAdq, transaccion, presupuesto, fechaAdq, idProv, estado, idUsuario)
VALUES (905, 'ComprarLibros', 2000, '2023-07-31', 805, 'En revisión', 1005);
INSERT INTO ADQUISICION (idAdq, transaccion, presupuesto, fechaAdq, idProv, estado, idUsuario)
VALUES (906, 'Adquirir789', 1300, '2023-06-19', 806, 'Rechazado', 1006);
INSERT INTO ADQUISICION (idAdq, transaccion, presupuesto, fechaAdq, idProv, estado, idUsuario)
VALUES (907, 'Pedido123', 1800, '2023-05-12', 807, 'En espera', 1007);
INSERT INTO ADQUISICION (idAdq, transaccion, presupuesto, fechaAdq, idProv, estado, idUsuario)
VALUES (908, 'CompraLibros456', 950, '2023-04-06', 808, 'Pendiente', 1008);
INSERT INTO ADQUISICION (idAdq, transaccion, presupuesto, fechaAdq, idProv, estado, idUsuario)
VALUES (909, 'AdquisiciónXYZ', 1100, '2023-03-19', 809, 'Aprobado', 1009);
INSERT INTO ADQUISICION (idAdq, transaccion, presupuesto, fechaAdq, idProv, estado, idUsuario)
VALUES (910, 'Transacción789', 1700, '2023-02-27', 810, 'En proceso', 1010);
INSERT INTO ADQUISICION (idAdq, transaccion, presupuesto, fechaAdq, idProv, estado, idUsuario)
VALUES (911, 'CompraLibros123', 1200, '2022-12-15', 811, 'Pendiente', 1011);
INSERT INTO ADQUISICION (idAdq, transaccion, presupuesto, fechaAdq, idProv, estado, idUsuario)
VALUES (912, 'Adquisición456', 900, '2022-11-28', 812, 'Aprobado', 1012);
INSERT INTO ADQUISICION (idAdq, transaccion, presupuesto, fechaAdq, idProv, estado, idUsuario)
VALUES (913, 'Transacción789ABC', 1500, '2022-10-20', 813, 'En proceso', 1013);
INSERT INTO ADQUISICION (idAdq, transaccion, presupuesto, fechaAdq, idProv, estado, idUsuario)
VALUES (914, 'PedidoLibrosXYZ', 800, '2022-09-17', 814, 'Pendiente', 1014);
INSERT INTO ADQUISICION (idAdq, transaccion, presupuesto, fechaAdq, idProv, estado, idUsuario)
VALUES (915, 'Compra789', 1100, '2022-08-24', 815, 'Rechazado', 1015);
INSERT INTO ADQUISICION (idAdq, transaccion, presupuesto, fechaAdq, idProv, estado, idUsuario)
VALUES (916, 'AdquirirLibrosABC', 1900, '2022-07-12', 816, 'En revisión', 1016);
INSERT INTO ADQUISICION (idAdq, transaccion, presupuesto, fechaAdq, idProv, estado, idUsuario)
VALUES (917, 'Comprar456', 1000, '2022-06-09', 817, 'Pendiente', 1017);
INSERT INTO ADQUISICION (idAdq, transaccion, presupuesto, fechaAdq, idProv, estado, idUsuario)
VALUES (918, 'Transacción123', 1300, '2022-05-18', 818, 'Aprobado', 1018);
INSERT INTO ADQUISICION (idAdq, transaccion, presupuesto, fechaAdq, idProv, estado, idUsuario)
VALUES (919, 'CompraLibrosXYZ', 1400, '2022-04-25', 819, 'En proceso', 1019);
INSERT INTO ADQUISICION (idAdq, transaccion, presupuesto, fechaAdq, idProv, estado, idUsuario)
VALUES (920, 'Adquisición789ABC', 1600, '2022-03-30', 820, 'En espera', 1020);
INSERT INTO ADQUISICION (idAdq, transaccion, presupuesto, fechaAdq, idProv, estado, idUsuario)
VALUES (921, 'CompraLibros456', 1200, '2022-02-15', 821, 'Pendiente', 1021);
INSERT INTO ADQUISICION (idAdq, transaccion, presupuesto, fechaAdq, idProv, estado, idUsuario)
VALUES (922, 'Adquisición789XYZ', 900, '2022-01-28', 822, 'Aprobado', 1022);
INSERT INTO ADQUISICION (idAdq, transaccion, presupuesto, fechaAdq, idProv, estado, idUsuario)
VALUES (923, 'Transacción456ABC', 1500, '2021-12-20', 823, 'En proceso', 1023);
INSERT INTO ADQUISICION (idAdq, transaccion, presupuesto, fechaAdq, idProv, estado, idUsuario)
VALUES (924, 'Pedido789', 800, '2021-11-17', 824, 'Pendiente', 1024);
INSERT INTO ADQUISICION (idAdq, transaccion, presupuesto, fechaAdq, idProv, estado, idUsuario)
VALUES (925, 'CompraLibrosXYZ', 1100, '2021-10-24', 825, 'Rechazado', 1025);
INSERT INTO ADQUISICION (idAdq, transaccion, presupuesto, fechaAdq, idProv, estado, idUsuario)
VALUES (926, 'Adquirir456', 1900, '2021-09-12', 826, 'En revisión', 1026);
INSERT INTO ADQUISICION (idAdq, transaccion, presupuesto, fechaAdq, idProv, estado, idUsuario)
VALUES (927, 'ComprarLibros123', 1000, '2021-08-09', 827, 'Pendiente', 1027);
INSERT INTO ADQUISICION (idAdq, transaccion, presupuesto, fechaAdq, idProv, estado, idUsuario)
VALUES (928, 'Transacción789XYZ', 1300, '2021-07-18', 828, 'Aprobado', 1028);
INSERT INTO ADQUISICION (idAdq, transaccion, presupuesto, fechaAdq, idProv, estado, idUsuario)
VALUES (929, 'Compra456ABC', 1400, '2021-06-25', 829, 'En proceso', 1029);
INSERT INTO ADQUISICION (idAdq, transaccion, presupuesto, fechaAdq, idProv, estado, idUsuario)
VALUES (930, 'AdquisiciónLibros123', 1600, '2021-05-30', 830, 'En espera', 1030);
INSERT INTO ADQUISICION (idAdq, transaccion, presupuesto, fechaAdq, idProv, estado, idUsuario)
VALUES (931, 'CompraLibros123', 1250, '2021-04-17', 831, 'Pendiente', 1031);
INSERT INTO ADQUISICION (idAdq, transaccion, presupuesto, fechaAdq, idProv, estado, idUsuario)
VALUES (932, 'Adquisición456', 960, '2021-03-28', 832, 'Aprobado', 1032);
INSERT INTO ADQUISICION (idAdq, transaccion, presupuesto, fechaAdq, idProv, estado, idUsuario)
VALUES (933, 'Transacción123XYZ', 1580, '2021-02-20', 833, 'En proceso', 1033);
INSERT INTO ADQUISICION (idAdq, transaccion, presupuesto, fechaAdq, idProv, estado, idUsuario)
VALUES (934, 'Pedido456', 820, '2021-01-17', 834, 'Pendiente', 1034);
INSERT INTO ADQUISICION (idAdq, transaccion, presupuesto, fechaAdq, idProv, estado, idUsuario)
VALUES (935, 'CompraLibrosABC', 1120, '2020-12-24', 835, 'Rechazado', 1035);
INSERT INTO ADQUISICION (idAdq, transaccion, presupuesto, fechaAdq, idProv, estado, idUsuario)
VALUES (936, 'Adquirir789XYZ', 1920, '2020-11-12', 836, 'En revisión', 1036);
INSERT INTO ADQUISICION (idAdq, transaccion, presupuesto, fechaAdq, idProv, estado, idUsuario)
VALUES (937, 'ComprarLibros456', 1050, '2020-10-09', 837, 'Pendiente', 1037);
INSERT INTO ADQUISICION (idAdq, transaccion, presupuesto, fechaAdq, idProv, estado, idUsuario)
VALUES (938, 'Transacción456XYZ', 1340, '2020-09-18', 838, 'Aprobado', 1038);
INSERT INTO ADQUISICION (idAdq, transaccion, presupuesto, fechaAdq, idProv, estado, idUsuario)
VALUES (939, 'Compra789ABC', 1450, '2020-08-25', 839, 'En proceso', 1039);
INSERT INTO ADQUISICION (idAdq, transaccion, presupuesto, fechaAdq, idProv, estado, idUsuario)
VALUES (940, 'AdquisiciónLibrosXYZ', 1680, '2020-07-30', 840, 'En espera', 1040);
INSERT INTO ADQUISICION (idAdq, transaccion, presupuesto, fechaAdq, idProv, estado, idUsuario)
VALUES (941, 'PedidoLibrosXYZ', 1300, '2020-06-19', 841, 'Pendiente', 1041);
INSERT INTO ADQUISICION (idAdq, transaccion, presupuesto, fechaAdq, idProv, estado, idUsuario)
VALUES (942, 'Compra456ABC', 950, '2020-05-22', 842, 'Aprobado', 1042);
INSERT INTO ADQUISICION (idAdq, transaccion, presupuesto, fechaAdq, idProv, estado, idUsuario)
VALUES (943, 'AdquisiciónLibros123', 1700, '2020-04-28', 843, 'En proceso', 1043);
INSERT INTO ADQUISICION (idAdq, transaccion, presupuesto, fechaAdq, idProv, estado, idUsuario)
VALUES (944, 'Transacción789ABC', 1800, '2020-03-15', 844, 'En espera', 1044);
INSERT INTO ADQUISICION (idAdq, transaccion, presupuesto, fechaAdq, idProv, estado, idUsuario)
VALUES (945, 'CompraLibros456XYZ', 2000, '2020-02-11', 845, 'Rechazado', 1045);
INSERT INTO ADQUISICION (idAdq, transaccion, presupuesto, fechaAdq, idProv, estado, idUsuario)
VALUES (946, 'Adquirir123', 1100, '2020-01-07', 846, 'En revisión', 1046);
INSERT INTO ADQUISICION (idAdq, transaccion, presupuesto, fechaAdq, idProv, estado, idUsuario)
VALUES (947, 'ComprarLibros789', 1400, '2019-12-04', 847, 'Pendiente', 1047);
INSERT INTO ADQUISICION (idAdq, transaccion, presupuesto, fechaAdq, idProv, estado, idUsuario)
VALUES (948, 'Transacción456ABC', 1200, '2019-11-21', 848, 'Aprobado', 1048);
INSERT INTO ADQUISICION (idAdq, transaccion, presupuesto, fechaAdq, idProv, estado, idUsuario)
VALUES (949, 'CompraLibrosXYZ', 1350, '2019-10-15', 849, 'En proceso', 1049);
INSERT INTO ADQUISICION (idAdq, transaccion, presupuesto, fechaAdq, idProv, estado, idUsuario)
VALUES (950, 'Adquisición789XYZ', 1550, '2019-09-09', 850, 'En espera', 1050);


-- **ADQUISICION:**

-- Generación de 50 datos adicionales
INSERT INTO ADQUISICION (idAdq, transaccion, presupuesto, fechaAdq, idProv, estado, idUsuario)
VALUES 
  (951, 'Adquisición951XYZ', 1600, '2020-01-15', 801, 'En espera', 125),
  (952, 'Adquisición952XYZ', 1700, '2020-02-20', 802, 'En espera', 126),
  (953, 'Adquisición953XYZ', 1800, '2020-03-25', 803, 'En espera', 127),
  (954, 'Adquisición954XYZ', 1900, '2020-04-30', 804, 'En espera', 128),
  (955, 'Adquisición955XYZ', 2000, '2020-05-05', 805, 'En espera', 129),
  (956, 'Adquisición956XYZ', 2100, '2020-06-10', 806, 'En espera', 130),
  (957, 'Adquisición957XYZ', 2200, '2020-07-15', 807, 'En espera', 131),
  (958, 'Adquisición958XYZ', 2300, '2020-08-20', 808, 'En espera', 132),
  (959, 'Adquisición959XYZ', 2400, '2020-09-25', 809, 'En espera', 133),
  (960, 'Adquisición960XYZ', 2500, '2020-10-30', 810, 'En espera', 134),
  (961, 'Adquisición961XYZ', 2600, '2020-11-05', 811, 'En espera', 135),
  (962, 'Adquisición962XYZ', 2700, '2020-12-10', 812, 'En espera', 136),
  (963, 'Adquisición963XYZ', 2800, '2021-01-15', 813, 'En espera', 137),
  (964, 'Adquisición964XYZ', 2900, '2021-02-20', 814, 'En espera', 138),
  (965, 'Adquisición965XYZ', 3000, '2021-03-25', 815, 'En espera', 139),
  (966, 'Adquisición966XYZ', 3100, '2021-04-30', 816, 'En espera', 140),
  (967, 'Adquisición967XYZ', 3200, '2021-05-05', 817, 'En espera', 141),
  (968, 'Adquisición968XYZ', 3300, '2021-06-10', 818, 'En espera', 142),
  (969, 'Adquisición969XYZ', 3400, '2021-07-15', 819, 'En espera', 143),
  (970, 'Adquisición970XYZ', 3500, '2021-08-20', 820, 'En espera', 144),
  (971, 'Adquisición971XYZ', 3600, '2021-09-25', 821, 'En espera', 145),
  (972, 'Adquisición972XYZ', 3700, '2021-10-30', 822, 'En espera', 125),
  (973, 'Adquisición973XYZ', 3800, '2021-11-05', 823, 'En espera', 126),
  (974, 'Adquisición974XYZ', 3900, '2021-12-10', 824, 'En espera', 127),
  (975, 'Adquisición975XYZ', 4000, '2022-01-15', 825, 'En espera', 128),
  (976, 'Adquisición976XYZ', 4100, '2022-02-20', 826, 'En espera', 129),
  (977, 'Adquisición977XYZ', 4200, '2022-03-25', 827, 'En espera', 130),
  (978, 'Adquisición978XYZ', 4300, '2022-04-30', 828, 'En espera', 131),
  (979, 'Adquisición979XYZ', 4400, '2022-05-05', 829, 'En espera', 132),
  (980, 'Adquisición980XYZ', 4500, '2022-06-10', 830, 'En espera', 133),
  (981, 'Adquisición981XYZ', 4600, '2022-07-15', 831, 'En espera', 134),
  (982, 'Adquisición982XYZ', 4700, '2022-08-20', 832, 'En espera', 135),
  (983, 'Adquisición983XYZ', 4800, '2022-09-25', 833, 'En espera', 136),
  (984, 'Adquisición984XYZ', 4900, '2022-10-30', 834, 'En espera', 137),
  (985, 'Adquisición985XYZ', 5000, '2022-11-05', 835, 'En espera', 138),
  (986, 'Adquisición986XYZ', 5100, '2022-12-10', 836, 'En espera', 139),
  (987, 'Adquisición987XYZ', 5200, '2023-01-15', 837, 'En espera', 140),
  (988, 'Adquisición988XYZ', 5300, '2023-02-20', 838, 'En espera', 141),
  (989, 'Adquisición989XYZ', 5400, '2023-03-25', 839, 'En espera', 142),
  (990, 'Adquisición990XYZ', 5500, '2023-04-30', 840, 'En espera', 143),
  (991, 'Adquisición991XYZ', 5600, '2023-05-05', 841, 'En espera', 144),
  (992, 'Adquisición992XYZ', 5700, '2023-06-10', 842, 'En espera', 145),
  (993, 'Adquisición993XYZ', 5800, '2023-07-15', 843, 'En espera', 125),
  (994, 'Adquisición994XYZ', 5900, '2023-08-20', 844, 'En espera', 126),
  (995, 'Adquisición995XYZ', 6000, '2023-09-25', 845, 'En espera', 127),
  (996, 'Adquisición996XYZ', 6100, '2023-10-30', 846, 'En espera', 128),
  (997, 'Adquisición997XYZ', 6200, '2023-11-05', 847, 'En espera', 129),
  (998, 'Adquisición998XYZ', 6300, '2023-12-10', 848, 'En espera', 130),
  (999, 'Adquisición999XYZ', 6400, '2024-01-15', 849, 'En espera', 131);

-- Relaciona las adquisiciones 900 a 999 con los documentos 600 a 699
INSERT INTO CONTIENE (idDoc, idAdq)
VALUES 
  ('600', 900), ('601', 901), ('602', 902), ('603', 903), ('604', 904),
  ('605', 905), ('606', 906), ('607', 907), ('608', 908), ('609', 909),
  ('610', 910), ('611', 911), ('612', 912), ('613', 913), ('614', 914),
  ('615', 915), ('616', 916), ('617', 917), ('618', 918), ('619', 919),
  ('620', 920), ('621', 921), ('622', 922), ('623', 923), ('624', 924),
  ('625', 925), ('626', 926), ('627', 927), ('628', 928), ('629', 929),
  ('630', 930), ('631', 931), ('632', 932), ('633', 933), ('634', 934),
  ('635', 935), ('636', 936), ('637', 937), ('638', 938), ('639', 939),
  ('640', 940), ('641', 941), ('642', 942), ('643', 943), ('644', 944),
  ('645', 945), ('646', 946), ('647', 947), ('648', 948), ('649', 949),
  ('650', 950), ('651', 951), ('652', 952), ('653', 953), ('654', 954),
  ('655', 955), ('656', 956), ('657', 957), ('658', 958), ('659', 959),
  ('660', 960), ('661', 961), ('662', 962), ('663', 963), ('664', 964),
  ('665', 965), ('666', 966), ('667', 967), ('668', 968), ('669', 969),
  ('670', 970), ('671', 971), ('672', 972), ('673', 973), ('674', 974),
  ('675', 975), ('676', 976), ('677', 977), ('678', 978), ('679', 979),
  ('680', 980), ('681', 981), ('682', 982), ('683', 983), ('684', 984),
  ('685', 985), ('686', 986), ('687', 987), ('688', 988), ('689', 989),
  ('690', 990), ('691', 991), ('692', 992), ('693', 993), ('694', 994),
  ('695', 995), ('696', 996), ('697', 997), ('698', 998), ('699', 999);






-- Inserciones de datos en la tabla CATEGORIA
INSERT INTO CATEGORIA (idCate, nombreCate, descripcionCate) VALUES (200, 'Ficcion', 'Libros que exploran conceptos imaginativos y futuristas.');
INSERT INTO CATEGORIA (idCate, nombreCate, descripcionCate) VALUES (201, 'Arte', 'Libros relacionados con diversas formas de arte y expresión creativa.');
INSERT INTO CATEGORIA (idCate, nombreCate, descripcionCate) VALUES (202, 'Ciencia', 'Libros que profundizan en temas y conocimientos científicos.');
INSERT INTO CATEGORIA (idCate, nombreCate, descripcionCate) VALUES (203, 'Comics', 'Novelas gráficas y cómics con atractivas narrativas visuales.');
INSERT INTO CATEGORIA (idCate, nombreCate, descripcionCate) VALUES (204, 'Economia', 'Libros centrados en teorías económicas, sistemas y análisis.');
INSERT INTO CATEGORIA (idCate, nombreCate, descripcionCate) VALUES (205, 'Educacion', 'Libros relacionados con teorías educativas, prácticas y materiales.');
INSERT INTO CATEGORIA (idCate, nombreCate, descripcionCate) VALUES (206, 'Filosofia', 'Libros que exploran ideas y conceptos filosóficos.');
INSERT INTO CATEGORIA (idCate, nombreCate, descripcionCate) VALUES (207, 'Geografia', 'Libros que abordan conocimientos y exploraciones geográficas.');
INSERT INTO CATEGORIA (idCate, nombreCate, descripcionCate) VALUES (208, 'Historia', 'Libros que cuentan eventos y narrativas históricas.');
INSERT INTO CATEGORIA (idCate, nombreCate, descripcionCate) VALUES (209, 'Infantil', 'Libros infantiles diseñados para lectores jóvenes.');
INSERT INTO CATEGORIA (idCate, nombreCate, descripcionCate) VALUES (210, 'Revistas', 'Publicaciones periódicas con artículos, historias y noticias.');
INSERT INTO CATEGORIA (idCate, nombreCate, descripcionCate) VALUES (211, 'Salud', 'Libros centrados en la salud, el bienestar y el conocimiento médico.');
INSERT INTO CATEGORIA (idCate, nombreCate, descripcionCate) VALUES (212, 'Tecnologia', 'Libros que exploran avances tecnológicos e innovaciones.');
INSERT INTO CATEGORIA (idCate, nombreCate, descripcionCate) VALUES (213, 'Viajes', 'Libros centrados en experiencias y destinos de viaje.');


-- **perteneceA:**

-- Ficción
INSERT INTO perteneceA (idCate, idDoc) VALUES (200, '300'), (200, '305'), (200, '315'), (200, '320'), (200, '330');
-- Arte
INSERT INTO perteneceA (idCate, idDoc) VALUES (201, '303'), (201, '308'), (201, '313'), (201, '318'), (201, '333'), (201, '343');
-- Ciencia
INSERT INTO perteneceA (idCate, idDoc) VALUES (202, '302'), (202, '322'), (202, '327'), (202, '337');
-- Comics
INSERT INTO perteneceA (idCate, idDoc) VALUES (203, '312'), (203, '325'), (203, '335');
-- Economía
INSERT INTO perteneceA (idCate, idDoc) VALUES (204, '323'), (204, '338'), (204, '348');
-- Educación
INSERT INTO perteneceA (idCate, idDoc) VALUES (205, '309'), (205, '328'), (205, '340');
-- Filosofía
INSERT INTO perteneceA (idCate, idDoc) VALUES (206, '306'), (206, '311'), (206, '334'), (206, '336'), (206, '344'), (206, '347');
-- Geografía
INSERT INTO perteneceA (idCate, idDoc) VALUES (207, '349');
-- Historia
INSERT INTO perteneceA (idCate, idDoc) VALUES (208, '301'), (208, '326'), (208, '331'), (208, '346');
-- Infantil
INSERT INTO perteneceA (idCate, idDoc) VALUES (209, '304'), (209, '324'), (209, '329');
-- Revistas
INSERT INTO perteneceA (idCate, idDoc) VALUES (210, '319'), (210, '345');
-- Salud
INSERT INTO perteneceA (idCate, idDoc) VALUES (211, '314'), (211, '316'), (211, '339');
-- Tecnología
INSERT INTO perteneceA (idCate, idDoc) VALUES (212, '307'), (212, '317'), (212, '332'), (212, '342');
-- Viajes
INSERT INTO perteneceA (idCate, idDoc) VALUES (213, '310'), (213, '321'), (213, '341');

-- **PRESTAMO:**


-- **PRESTAMO:**

-- **PRESTAMO:**

-- Préstamos aún prestados
-- **PRESTAMO:**
INSERT INTO PRESTAMO (idPrest, estado, fechaDevolucion, fechaPrestamo, idUsuario, idDoc)
VALUES 
  (776, 'Prestado', '2024-02-09', '2024-01-10', 1005, '697'),
  (777, 'Prestado', '2024-02-14', '2024-01-15', 1006, '602'),
  (778, 'Prestado', '2024-02-19', '2024-01-20', 1007, '613'),
  (779, 'Prestado', '2024-02-24', '2024-01-25', 1008, '621'),
  (780, 'Prestado', '2024-03-02', '2024-02-01', 1009, '634'),
  (781, 'Prestado', '2024-03-06', '2024-02-05', 1010, '646'),
  (782, 'Prestado', '2024-03-11', '2024-02-10', 1011, '654'),
  (783, 'Prestado', '2024-03-16', '2024-02-15', 1012, '666'),
  (784, 'Prestado', '2024-03-21', '2024-02-20', 1013, '677'),
  (785, 'Prestado', '2024-03-26', '2024-02-25', 1014, '684'),
  (786, 'Prestado', '2024-03-31', '2024-03-01', 1015, '693'),
  (787, 'Prestado', '2024-04-04', '2024-03-05', 1016, '675'),
  (788, 'Prestado', '2024-04-09', '2024-03-10', 1017, '658'),
  (789, 'Prestado', '2024-04-14', '2024-03-15', 1018, '640'),
  (790, 'Prestado', '2024-04-19', '2024-03-20', 1019, '631'),
  (791, 'Prestado', '2024-04-24', '2024-03-25', 1020, '636'),
  (792, 'Prestado', '2024-04-29', '2024-03-30', 1021, '648'),
  (793, 'Prestado', '2024-05-01', '2024-04-01', 1022, '662'),
  (794, 'Prestado', '2024-05-06', '2024-04-05', 1023, '673');


-- Préstamos devueltos
INSERT INTO PRESTAMO (idPrest, estado, fechaDevolucion, fechaPrestamo, idUsuario, idDoc)
VALUES 
  (751, 'Devuelto', '2024-01-10', '2023-12-18', 1005, '682'),
  (752, 'Devuelto', '2024-01-15', '2023-12-18', 1006, '690'),
  (753, 'Devuelto', '2024-01-20', '2023-12-19', 1007, '605'),
  (754, 'Devuelto', '2024-01-25', '2023-12-20', 1008, '606'),
  (755, 'Devuelto', '2024-02-01', '2023-12-21', 1009, '611'),
  (756, 'Devuelto', '2024-02-05', '2023-12-21', 1010, '618'),
  (757, 'Devuelto', '2024-02-10', '2023-12-22', 1011, '625'),
  (758, 'Devuelto', '2024-02-15', '2023-12-23', 1012, '632'),
  (759, 'Devuelto', '2024-02-20', '2023-12-24', 1013, '643'),
  (760, 'Devuelto', '2024-02-25', '2023-12-24', 1014, '655'),
  (761, 'Devuelto', '2024-03-01', '2023-12-25', 1015, '687'),
  (762, 'Devuelto', '2024-03-05', '2023-12-26', 1016, '672'),
  (763, 'Devuelto', '2024-03-10', '2023-12-27', 1017, '671'),
  (764, 'Devuelto', '2024-03-15', '2023-12-28', 1018, '689'),
  (765, 'Devuelto', '2024-03-20', '2023-12-29', 1019, '696'),
  (766, 'Devuelto', '2024-03-25', '2023-12-30', 1020, '679'),
  (767, 'Devuelto', '2024-03-30', '2023-12-30', 1021, '662'),
  (768, 'Devuelto', '2024-04-01', '2023-12-31', 1022, '641'),
  (769, 'Devuelto', '2024-04-05', '2023-12-31', 1023, '634'),
  (770, 'Devuelto', '2024-04-10', '2024-01-01', 1005, '680'),
  (771, 'Devuelto', '2024-04-15', '2024-01-02', 1006, '688'),
  (772, 'Devuelto', '2024-04-20', '2024-01-03', 1007, '603'),
  (773, 'Devuelto', '2024-04-25', '2024-01-04', 1008, '604'),
  (774, 'Devuelto', '2024-05-01', '2024-01-05', 1009, '609'),
  (775, 'Devuelto', '2024-05-05', '2024-01-06', 1010, '616');




-- **PENALIZACION:**


INSERT INTO PENALIZACION (idPena, duracion, fechaFinalizacion, fechaImposicion, idPrest, idUsuario)
VALUES 
  (2, 14, '2024-02-23', '2024-01-10', 777, 1001),
  (3, 21, '2024-02-28', '2024-01-15', 778, 1002),
  (4, 28, '2024-03-04', '2024-01-20', 779, 1003),
  (5, 14, '2024-03-09', '2024-01-25', 780, 1004),
  (6, 21, '2024-03-14', '2024-02-01', 781, 1025),
  (7, 28, '2024-03-19', '2024-02-05', 782, 1026),
  (8, 14, '2024-03-24', '2024-02-10', 783, 1027),
  (9, 21, '2024-03-29', '2024-02-15', 784, 1028),
  (10, 28, '2024-04-03', '2024-02-20', 785, 1029),
  (11, 14, '2024-04-08', '2024-02-25', 786, 1030),
  (12, 21, '2024-04-13', '2024-03-01', 787, 1031),
  (13, 28, '2024-04-18', '2024-03-05', 788, 1032),
  (14, 14, '2024-04-23', '2024-03-10', 789, 1033),
  (15, 21, '2024-04-28', '2024-03-15', 790, 1034),
  (16, 28, '2024-05-03', '2024-03-20', 791, 1035),
  (17, 14, '2024-05-08', '2024-03-25', 792, 1036),
  (18, 21, '2024-05-13', '2024-03-30', 793, 1037),
  (19, 28, '2024-05-15', '2024-04-01', 794, 1038);




-- **ESTANTERIAVIRTUAL:**

INSERT INTO ESTANTERIAVIRTUAL (idEstV, tipoEstV, nombreEstV, idUsuario)
VALUES 
  (1200, 'Privado', 'Mis Libros Privados', 1005),
  (1201, 'Libre', 'Libros Favoritos', 1005),
  (1202, 'Publico', 'Libros Recientes', 1005),
  (1203, 'Privado', 'Colección Personal', 1006),
  (1204, 'Libre', 'Libros Interesantes', 1006),
  (1205, 'Publico', 'Descubrimientos Literarios', 1006),
  (1206, 'Privado', 'Mis Lecturas', 1007),
  (1207, 'Libre', 'Selección de Novelas', 1007),
  (1208, 'Publico', 'Nuevas Aventuras', 1007),
  (1209, 'Privado', 'Rincón Literario', 1008),
  (1210, 'Libre', 'Libros Educativos', 1008),
  (1211, 'Publico', 'Biblioteca Personal', 1008),
  (1212, 'Privado', 'Mis Favoritos', 1009),
  (1213, 'Libre', 'Libros de Ciencia Ficción', 1009),
  (1214, 'Publico', 'Descubrimientos Recientes', 1009),
  (1215, 'Privado', 'Lecturas Actuales', 1010),
  (1216, 'Libre', 'Libros de No Ficción', 1010),
  (1217, 'Publico', 'Selección Literaria', 1010),
  (1218, 'Privado', 'Mis Clásicos', 1011),
  (1219, 'Libre', 'Libros Históricos', 1011),
  (1220, 'Publico', 'Descubrimientos del Mes', 1011),
  (1221, 'Privado', 'Mis Cuentos', 1012),
  (1222, 'Libre', 'Libros Infantiles', 1012),
  (1223, 'Publico', 'Recomendaciones Juveniles', 1012),
  (1224, 'Privado', 'Mis Novelas', 1013),
  (1225, 'Libre', 'Libros Románticos', 1013),
  (1226, 'Publico', 'Selección de Poesía', 1013),
  (1227, 'Privado', 'Mis Misterios', 1014),
  (1228, 'Libre', 'Libros de Misterio', 1014),
  (1229, 'Publico', 'Descubrimientos de Fantasía', 1014),
  (1230, 'Privado', 'Mis Libros de Aventuras', 1015),
  (1231, 'Libre', 'Libros de Aventuras y Viajes', 1015),
  (1232, 'Publico', 'Nuevas Experiencias Literarias', 1015),
  (1233, 'Privado', 'Mis Libros de Ciencia', 1016),
  (1234, 'Libre', 'Libros Científicos', 1016),
  (1235, 'Publico', 'Exploración Literaria', 1016),
  (1236, 'Privado', 'Mis Libros de Filosofía', 1017),
  (1237, 'Libre', 'Libros Filosóficos', 1017),
  (1238, 'Publico', 'Selección de Reflexiones', 1017),
  (1239, 'Privado', 'Mis Libros de Historia', 1018),
  (1240, 'Libre', 'Libros Históricos', 1018),
  (1241, 'Publico', 'Descubrimientos del Pasado', 1018),
  (1242, 'Privado', 'Mis Libros de Romance', 1019),
  (1243, 'Libre', 'Novelas Románticas', 1019),
  (1244, 'Publico', 'Selección Romántica', 1019),
  (1245, 'Privado', 'Mis Libros de Viajes', 1020),
  (1246, 'Libre', 'Libros de Viajes y Aventuras', 1020),
  (1247, 'Publico', 'Descubrimientos Geográficos', 1020),
  (1248, 'Privado', 'Mis Libros de Ciencia Ficción', 1021),
  (1249, 'Libre', 'Selección de Ciencia Ficción', 1021),
  (1250, 'Publico', 'Exploración Fantástica', 1021),
  (1251, 'Privado', 'Mis Libros de Cocina', 1022),
  (1252, 'Libre', 'Libros de Cocina y Gastronomía', 1022),
  (1253, 'Publico', 'Descubrimientos Culinarios', 1022),
  (1254, 'Privado', 'Mis Libros de Medicina', 1023),
  (1255, 'Libre', 'Libros de Salud y Medicina', 1023),
  (1256, 'Publico', 'Selección Médica', 1023);


-- **ALIMENTA:**

-- **ALIMENTA:**

-- Inserciones para la tabla ALIMENTA
INSERT INTO ALIMENTA (idDoc, idEstV, idUsuario)
VALUES 
  ('600', 1200, 1005),
  ('601', 1200, 1006),
  ('602', 1200, 1007),
  ('698', 1255, 1022),
  ('699', 1256, 1023);
('603', 1201, 1005),
  ('604', 1201, 1008),
  ('605', 1201, 1010),
  ('606', 1202, 1005),
  ('607', 1202, 1006),
  ('608', 1202, 1012),
  ('609', 1203, 1006),
  ('610', 1203, 1007),
  ('611', 1203, 1014),
  ('612', 1204, 1007),
  ('613', 1204, 1008),
  ('614', 1204, 1016),
  ('615', 1205, 1008),
  ('616', 1205, 1009),
  ('617', 1205, 1018),
  ('618', 1206, 1009),
  ('619', 1206, 1010),
  ('620', 1206, 1016),
  ('621', 1207, 1010),
  ('622', 1207, 1011),
  ('623', 1207, 1018),
  ('624', 1208, 1011),
  ('625', 1208, 1012),
  ('626', 1208, 1014),
  ('627', 1209, 1012),
  ('628', 1209, 1013),
  ('629', 1209, 1018),
  ('630', 1210, 1013),
  ('631', 1210, 1014),
  ('632', 1210, 1016),
  ('633', 1211, 1014),
  ('634', 1211, 1015),
  ('635', 1211, 1020),
  ('636', 1212, 1015),
  ('637', 1212, 1016),
  ('638', 1212, 1022),
  ('639', 1213, 1016),
  ('640', 1213, 1017),
  ('641', 1213, 1022),
  ('642', 1214, 1017),
  ('643', 1214, 1018),
  ('644', 1214, 1020),
  ('645', 1215, 1018),
  ('646', 1215, 1019),
  ('647', 1215, 1022),
  ('648', 1216, 1019),
  ('649', 1216, 1020),
  ('650', 1216, 1022),
  ('651', 1217, 1020),
  ('652', 1217, 1021),
  ('653', 1217, 1022),
  ('654', 1218, 1021),
  ('655', 1218, 1022),
  ('656', 1219, 1022),
  ('657', 1220, 1022),
  ('658', 1221, 1022),
  ('659', 1222, 1022),
  ('660', 1223, 1022),
  ('661', 1224, 1022),
  ('662', 1225, 1022),
  ('663', 1226, 1022),
  ('664', 1227, 1022),
  ('665', 1228, 1022),
  ('666', 1229, 1022),
  ('667', 1230, 1022),
  ('668', 1231, 1022),
  ('669', 1232, 1022),
  ('670', 1233, 1022),
  ('671', 1234, 1022),
  ('672', 1235, 1022),
  ('673', 1236, 1022),
  ('674', 1237, 1022),
  ('675', 1238, 1022),
  ('676', 1239, 1022),
  ('677', 1240, 1022),
  ('678', 1241, 1022),
  ('679', 1242, 1022),
  ('680', 1243, 1022),
  ('681', 1244, 1022),
  ('682', 1245, 1022),
  ('683', 1246, 1022),
  ('684', 1247, 1022),
  ('685', 1248, 1022),
  ('686', 1249, 1022),
  ('687', 1250, 1022),
  ('688', 1251, 1022),
  ('689', 1252, 1022),
  ('690', 1253, 1022),
  ('691', 1254, 1022),
  ('692', 1255, 1022),
  ('693', 1256, 1022);






















